0,1,2
1.115544,12.2427225,11.761961
7.5351963,10.704606,14.351422
7.6962557,12.42456,14.864
5.9884787,10.558744,15.982859
7.5750465,12.461457,14.924526
6.0439343,10.830264,14.014156
4.6964846,11.433897,15.686883
-0.057545822,12.167859,10.192358
2.2051692,10.211314,11.903022
5.2477183,11.108452,15.829369
5.893104,12.44704,15.458135
1.9043721,12.291765,11.97086
1.1125165,7.5643463,9.959746
-0.5093838,9.101637,7.751597
4.4458365,11.70881,15.430787
1.8795244,11.36953,8.258406
-0.49056673,8.293432,8.3632965
1.9576409,11.839314,9.076632
7.8860116,12.406347,15.93493
5.168799,13.018207,13.687972
8.038531,8.700464,14.765082
0.08578227,12.198557,10.650661
7.809416,12.60154,13.909463
1.8940939,11.510983,8.498952
0.55151904,12.130056,10.251425
-1.1306804,11.412725,8.824906
5.490121,12.02948,15.730879
7.573783,12.861194,13.786266
-1.6728911,11.6812,9.51557
-1.421217,11.162972,8.588948
7.938631,8.582414,15.01995
5.0379105,11.651367,15.702522
3.684182,11.276074,12.511056
6.8904467,11.812605,15.886904
8.085724,12.264306,14.803858
3.196563,9.266941,11.621741
7.904363,13.282009,14.597937
5.269508,14.887151,13.849082
1.6780355,8.0710125,10.488355
4.536967,10.387173,14.645837
3.524001,11.352016,12.759248
6.311765,12.782431,14.403656
4.831263,11.799393,14.063109
1.6582502,11.368003,8.30395
7.889553,8.607344,14.940715
0.3089819,9.168841,8.414726
2.692233,12.237397,12.634546
0.32506013,8.167036,9.311772
5.643735,11.006929,13.711952
2.5477471,11.628652,8.861555
0.2239351,10.423024,7.3403273
5.178601,14.921071,13.182318
5.098564,13.350332,14.787488
-0.5630819,5.856954,5.820377
6.881755,11.844006,15.890195
7.9898543,8.771726,14.791881
0.6299307,10.153098,7.362391
7.7354455,11.5144415,15.175783
8.407206,8.869754,15.457184
5.227725,13.281482,14.848031
1.5335624,10.026063,10.535881
5.773125,13.316702,14.919455
-0.40929496,8.162251,8.530279
0.4277784,6.8068166,7.099004
8.077423,8.6209755,14.797809
-0.086027816,5.794066,6.0023093
2.2906613,10.223279,11.981116
8.526034,11.784165,15.112258
2.535632,8.806508,10.928284
7.716274,11.680128,15.25289
5.322862,13.257116,13.710346
7.8738165,12.468942,14.132242
8.204672,11.323549,16.450798
4.577652,12.021913,15.315764
7.649181,12.452266,14.777917
5.0771656,9.381033,13.719953
6.4499054,11.047226,14.221423
7.47957,13.205585,13.700313
4.222641,9.989213,14.5796385
0.6147992,8.087165,9.655102
2.3273652,12.120994,12.482725
-0.49121222,12.077808,10.375143
7.4163013,13.715982,13.938991
6.075835,10.539659,16.011402
8.525287,11.906792,15.076616
4.841119,15.262733,13.584518
7.553362,10.173419,15.704566
-0.9763915,11.5995655,9.037232
8.16239,10.021627,16.335686
4.5632486,14.914962,13.888661
8.211228,9.331006,15.260359
1.4033327,10.671262,9.409824
7.3934493,12.998592,14.254696
6.8939843,11.85463,15.883646
5.514263,11.968609,15.778149
-0.31427842,12.121794,10.575395
0.93432343,12.297056,11.566304
-0.92127436,8.128151,7.3800616
7.96762,10.303518,15.635643
7.6682134,12.097632,15.098457
4.5623417,14.954815,13.827643
7.453008,12.790644,14.823511
7.1317835,13.48811,14.094939
1.0603278,11.062113,7.8435154
4.2756615,9.070869,13.014574
7.5777507,13.187746,13.720591
1.4264927,9.8911495,10.522367
8.116339,12.112982,15.902794
4.365111,9.064237,13.089805
5.8069377,13.817285,13.919478
5.570796,13.7982025,14.620081
4.7540956,9.108791,13.462427
5.7754817,10.057111,14.492439
8.827841,10.766048,15.11941
7.550238,10.059215,14.754377
7.7448936,10.298084,15.474837
6.2117677,14.470529,13.305326
7.862182,13.262533,14.533014
8.095064,12.97403,14.8076
8.176626,10.33114,15.479152
7.34185,11.962918,14.80681
4.935575,11.584055,15.705025
2.6951025,11.943198,13.302589
-1.2827052,11.2612915,8.680542
8.10829,11.213124,14.593878
2.3665583,11.785986,9.292819
5.890253,12.384888,15.08281
2.471607,10.278217,12.058577
6.946142,13.859716,13.982374
6.823445,9.868129,15.987734
-0.0752067,9.862574,7.057613
2.1638203,10.227743,11.904671
8.396145,11.375264,14.490046
0.61482745,6.8601494,7.2296834
3.7533908,9.519574,14.24812
0.8266714,12.242839,11.587856
3.3083148,11.923623,12.708292
7.6605077,9.95098,15.2595415
-1.1174662,11.414015,8.821263
8.181452,9.449478,15.224591
-0.48894444,12.009085,9.68452
6.3868895,12.702819,15.406532
6.022162,14.583604,13.364851
4.547465,12.4180765,14.982665
-1.4756008,11.48458,9.148283
0.93915147,10.997965,7.774905
0.6283233,10.262027,7.41009
1.3154138,7.763721,10.266326
8.152948,8.475047,15.721732
-0.10568248,5.809036,5.9862423
7.5485716,13.117102,14.545342
4.308579,12.059064,15.067075
5.7548337,10.045799,14.451613
3.589061,10.5398245,12.8232565
1.285275,10.445557,9.294987
4.3257275,9.114703,13.071332
6.3950953,13.128818,14.292694
6.0009303,10.843569,14.037142
1.6114557,12.286218,11.615175
4.8137746,8.996475,13.540353
-0.98376375,7.786936,7.0541897
-0.75823843,5.9600625,5.888568
-1.0210692,11.570577,8.989595
6.5326414,10.176607,15.997368
-1.3706216,11.305876,8.769942
-1.3064848,6.406205,6.3991523
-1.3329403,6.374924,6.355829
0.989043,11.024125,7.7926874
0.8602172,6.9960175,7.4832892
4.936962,15.130124,13.207529
3.548504,10.770129,12.367101
8.403371,9.175554,16.015736
7.7972093,10.965157,15.442281
3.0886219,10.338859,12.93214
7.553491,9.648144,15.646252
7.513212,11.255386,14.458011
5.6740165,11.931798,13.379008
7.7305226,12.803559,15.53904
1.3432385,7.68269,10.289292
3.0375464,10.797028,11.761495
-0.148029,9.743862,6.9523015
0.650696,6.910566,7.2626877
8.027981,9.065157,15.610706
5.0309367,9.247695,13.667447
-0.23318137,9.347511,7.961403
4.335235,13.377829,12.5975275
8.079563,12.703685,14.913197
4.746583,15.250029,13.531817
7.251555,14.057736,13.786833
5.7978396,9.227022,14.104125
1.2796973,10.110982,9.313267
1.1532333,7.644992,10.031681
2.8446138,10.908801,11.356446
-0.8172093,8.955879,7.8836703
5.124191,14.185351,14.434659
5.197789,11.796113,15.748989
5.6529565,13.219155,13.469658
-0.8483096,8.758685,7.5942855
6.285796,12.682007,14.504572
5.1536684,13.659564,14.659344
2.699315,9.074342,11.351632
5.0747347,11.623511,15.709791
-0.13357575,9.719186,6.9321275
6.3247886,12.756223,15.37665
1.5544046,9.988926,9.587195
2.4620113,10.270851,12.072632
8.799471,10.779934,15.116006
0.17049226,10.302477,7.290665
5.014841,13.009322,14.962206
1.136839,7.62318,10.000526
1.8538777,11.376695,9.685045
7.6658072,9.520058,15.710701
-1.4079331,11.455671,9.054186
5.2975698,13.259236,13.702544
8.075085,11.721009,16.143541
7.6811833,9.961018,15.304342
8.41441,9.202611,16.025246
1.1171752,11.313613,9.134726
8.072291,12.281402,14.809567
0.34940487,6.446642,6.763203
3.6811125,9.483682,14.189459
-0.004973465,12.164792,10.171458
2.1511326,11.640569,8.654475
-0.5494319,8.248491,8.339982
7.617195,13.060519,14.454087
5.9851003,10.882568,14.014645
0.6622893,6.975966,7.3314614
3.5763938,11.211921,12.395648
5.8426213,10.181228,14.315534
7.5825834,13.280124,14.238954
5.9865255,13.91527,13.714588
5.590426,12.382202,15.45002
7.304539,13.530488,13.856643
1.2599598,7.791059,10.231474
1.3530328,12.230135,10.930984
5.179994,12.552238,15.330759
8.328987,10.812414,16.138126
1.4778887,12.285243,11.523236
3.5970242,10.771922,12.414526
-0.99024945,8.409713,7.591043
5.9066873,10.280962,14.278722
8.171481,12.671706,14.956418
-0.14056155,5.755317,5.939993
4.9364204,15.109828,13.208341
4.379294,13.280918,13.45328
6.3082776,12.722855,14.4359255
-0.43412152,9.2687845,7.9398193
3.1715176,10.792196,11.938784
3.655363,9.626663,14.242383
3.5291216,10.742571,12.345525
5.453876,14.84276,13.892487
6.1303353,14.487806,13.384396
4.490167,10.329178,14.644626
-0.4986069,8.1814375,8.431665
8.519196,10.060002,14.693799
2.0686173,8.494755,10.61902
6.848708,10.05051,15.977604
5.7208276,14.466211,14.095991
7.460067,12.925281,14.301945
3.7739089,9.986146,13.262456
0.45656562,10.4088545,7.448989
6.628678,12.563723,15.461847
8.138016,10.907612,14.733253
-1.2385658,11.379057,8.826757
0.3372293,6.426615,6.7452326
-1.5041294,11.482008,9.13395
4.537876,12.160423,15.202303
8.822636,10.774685,15.110847
-0.45895308,5.8431997,5.8139377
5.6027,13.7593565,14.660554
5.9336705,10.508703,16.023102
-1.5314919,11.346582,8.951808
0.81237334,11.235689,8.951754
5.6491337,9.264577,14.073136
6.220396,10.334774,16.032488
0.2611681,8.23865,9.250139
0.7682543,8.104055,9.802494
5.42063,11.185407,15.85817
1.447126,9.971396,9.464614
8.536271,8.539287,15.485678
6.5928774,10.0894985,15.993917
5.5751934,12.317501,15.229041
5.5540204,11.822348,13.434989
2.104924,11.879396,9.224983
1.3384271,10.52013,9.3646965
-0.5850086,5.8687444,5.8304124
-1.5824354,11.546958,9.296575
1.7529861,12.301413,11.766833
5.820748,14.055455,13.914866
7.5605,13.243698,13.695002
5.101491,9.983448,14.689314
2.0600119,12.261816,12.107075
1.4692287,10.996063,7.86399
2.0521338,8.551579,10.588657
1.2839298,10.28002,9.308758
0.3194584,6.3908277,6.709157
8.066993,8.527139,15.670097
3.3571906,10.708176,12.212055
5.325788,11.171233,13.596569
4.7943177,13.242282,14.697219
-0.41290444,12.072385,9.785124
7.6794453,9.660175,14.933156
3.3919454,11.046863,12.181856
4.876347,15.057732,13.545546
8.827992,10.7248955,15.133929
7.3689117,13.374182,13.63591
4.595959,11.391888,15.608257
6.8707323,11.8541765,15.838265
2.5635238,11.644027,8.971642
5.4355965,13.837156,14.594661
1.8712997,12.37102,11.841165
4.7797923,13.6032505,13.159101
3.3103602,10.958064,12.072747
2.243875,11.556306,8.43228
-0.89734685,7.9710984,7.003695
4.3557787,13.273476,13.456952
4.839982,15.257477,13.564856
-0.2325883,8.363356,8.596691
4.818841,15.25985,13.574806
8.14542,12.236875,14.886526
-0.5433039,6.7796307,7.0203743
4.1673355,9.983707,14.562797
5.814034,10.102464,14.394627
-0.10447595,9.735376,6.9314013
1.9036742,11.731337,8.95114
4.8426294,15.172089,13.67069
2.867547,10.866027,11.46953
4.862882,11.781625,15.619437
8.064741,8.425376,15.747448
4.9077835,13.885158,14.497468
8.196894,10.457006,16.629755
5.2357817,10.299615,14.867577
1.9510615,12.163548,12.437777
3.7949338,9.404683,12.292328
2.309479,12.09207,12.565332
4.9814396,9.246957,13.622799
3.6959488,9.486452,14.232323
4.9054523,15.135684,13.215908
-0.25294125,9.484033,8.124452
5.518653,12.111298,15.709813
2.2425463,8.669077,10.725637
-1.0605159,6.5463805,6.647886
-0.43847135,12.096483,10.462017
0.8161075,11.253752,8.93743
8.84049,8.733464,15.068579
6.778971,11.360223,14.375777
5.12441,14.254525,14.398092
1.2367424,12.264014,11.023351
8.324835,10.649715,16.087904
8.099384,10.078459,16.24669
7.444759,10.811777,14.360923
7.850542,8.7135935,14.93743
6.254953,14.027914,13.820069
4.8623486,14.639147,14.118655
4.712356,12.236284,15.264276
7.6462364,13.16373,15.216441
1.510182,10.958122,9.421733
7.620027,10.260147,15.615878
5.854716,14.265007,13.842867
4.629093,11.411972,15.604066
5.701689,14.658997,13.784058
2.1180086,11.481002,8.3514
3.2727516,10.756626,12.109505
7.800908,9.644771,15.725553
1.7942895,11.224154,8.080406
0.64307296,10.214881,7.404677
8.355957,10.588872,16.057573
6.9582286,10.747413,15.890231
6.322975,13.055875,14.246356
-1.1283548,11.516951,8.982483
0.15808396,12.202363,10.96134
6.527456,10.217318,16.024496
8.069815,8.441414,15.716503
5.459951,12.329871,15.471347
6.754388,14.073999,14.157028
5.5479198,10.382659,14.9761305
1.168655,12.3487015,11.395849
3.591087,10.971526,12.406413
8.639361,9.6833105,14.81253
5.539967,13.425001,13.823591
7.9856634,11.620296,15.233106
3.060259,10.311498,12.9741535
5.4329815,12.595327,15.353341
8.026048,12.321167,15.994886
5.9849916,10.691765,14.097284
1.1999662,10.72818,7.684933
4.6128616,11.384222,15.661457
5.1330247,14.058532,13.25562
8.15823,12.139097,14.918071
2.7364151,11.896358,13.38337
8.077649,8.486966,15.740609
3.709645,9.446708,12.209891
7.754518,12.36689,14.053919
3.2982514,11.643523,12.242466
8.233184,10.941843,16.825798
4.6516495,12.283919,15.17295
6.612935,10.0672,15.980798
7.466326,13.688462,14.375066
1.0982443,7.801062,10.051725
1.5077591,12.289117,11.566555
8.29566,12.00478,14.9191
-0.68885833,11.92702,9.628171
8.568202,9.983953,14.7350025
7.680695,12.775069,13.821848
3.5775948,9.551892,12.2545
6.8122745,11.693201,15.826378
5.0917006,13.7637,14.592119
4.2464986,11.446719,15.356418
-0.20496458,5.795669,5.915556
6.4670353,12.878251,14.42693
2.3890126,8.795011,11.078828
5.256081,14.69632,13.953206
6.3025756,10.233991,16.026272
6.7223897,14.0732355,14.197036
0.83480966,12.291425,11.433027
6.8874626,11.819461,15.8827
7.9518833,10.768615,15.19523
1.0560312,10.990218,7.778709
2.5182064,10.301793,12.08113
2.3600476,12.119687,12.565161
6.7341413,12.306948,14.599559
7.9739437,10.3182,15.633187
4.4213896,9.970459,14.243537
-0.90311414,11.92801,9.863199
7.734891,12.997143,15.363926
0.39921513,9.200318,8.384526
7.8784795,12.560612,14.0260515
0.7868313,10.292483,7.4495726
8.219128,10.831453,16.758282
3.6183863,9.522307,12.206929
7.429942,13.244448,13.718148
7.307863,13.760727,14.263365
8.820221,8.951487,14.955793
6.249896,14.558714,13.778933
1.5421342,10.030082,10.57534
7.7617426,10.261322,15.513459
4.803508,13.448793,14.54814
4.31545,11.438544,15.4253845
-1.6298068,11.638762,9.462358
-0.084264085,12.165029,10.736872
5.026444,14.2588825,14.362379
4.9458885,15.050441,13.173002
0.5884671,12.249481,11.3555975
4.9096155,14.82284,13.56704
5.8780627,13.959803,14.02033
7.8757257,8.649367,14.954005
5.246452,14.9370365,13.18863
8.829218,8.722066,15.089408
0.40600067,6.540564,6.8651643
7.002772,13.817792,13.990985
7.5714455,12.471147,14.417169
3.68829,10.164004,12.848305
0.22204177,6.274556,6.5528097
1.9708482,12.209731,12.414492
5.2860866,13.259587,13.707228
4.8388233,13.490692,14.567625
5.788107,13.899649,14.018788
8.324357,11.997287,14.934999
1.9810163,11.824283,9.124708
1.5677536,11.080534,7.9474554
0.84469396,8.054552,9.87311
2.9940443,9.166956,11.421201
5.823375,14.578591,14.073874
3.550783,11.032195,12.364339
2.6340244,12.19529,12.935897
-1.0697688,6.3085494,6.3110123
5.5855956,13.9747305,13.859133
8.42684,11.520105,14.478153
4.956986,11.428238,15.716368
-0.18466896,5.7954116,5.9336395
0.3196524,6.7918024,7.061376
7.488269,12.814716,15.419072
7.7302976,12.556484,15.710135
2.7316742,12.227184,12.692189
6.315445,12.050571,15.477245
-0.5685636,5.862746,5.822689
8.358562,9.260429,16.094982
-0.23805769,12.179281,9.996138
3.2275865,10.894585,11.979597
6.1533523,10.770781,15.975018
7.91855,9.024609,15.731627
4.279686,9.096137,13.027924
5.473585,11.9207,15.771324
8.79139,8.76939,15.041108
7.0650425,13.295373,14.346179
5.5839458,12.656726,15.33223
8.0577135,8.997979,15.595209
8.161093,11.997979,16.160952
0.6014057,10.224216,7.4033184
6.035457,10.810155,15.969661
4.5860686,14.937963,13.873058
7.743607,13.04255,15.358085
5.6438627,11.8603945,13.432329
-1.270364,6.376516,6.3712397
8.779329,9.1136055,14.957251
1.6507908,11.448175,9.476514
0.13033491,10.313521,7.256647
8.325074,9.494704,15.198439
0.87984586,8.089912,9.891846
1.8930243,12.203724,12.329043
4.815022,13.356143,14.647593
5.079244,9.947971,14.664981
8.53489,10.058706,14.704618
6.848993,9.807433,16.00426
4.5151806,11.77696,15.4466305
8.391814,9.061698,15.346181
6.318979,13.966829,13.808243
4.931072,11.284703,15.764816
-0.16847858,12.159499,9.917687
1.6731893,8.225474,10.41623
6.4256945,12.747095,15.382675
1.3476311,12.260239,11.358855
4.3327904,9.102484,13.078893
0.8608355,7.9731784,9.839155
8.296084,11.474104,16.249063
-0.5797351,8.232057,8.303537
1.3091881,10.447059,9.386065
-0.862363,11.674957,9.133694
-0.658392,8.901683,7.906564
1.2005608,12.247816,11.199534
4.838222,13.489863,14.593688
0.6479965,8.090043,9.69295
8.060444,8.626686,14.767656
-1.1682943,6.518752,6.567122
2.853489,10.864571,11.421631
2.6296837,8.909392,11.079644
1.4889967,8.349491,10.259463
0.33177012,10.507515,7.385319
7.837484,8.688582,14.916395
0.31012154,6.386175,6.70051
1.3223627,12.210732,10.813007
7.7895174,10.617014,15.033029
8.25854,10.901403,16.842577
2.9733396,9.195771,11.439505
2.8509886,10.899211,11.368413
-0.70715123,12.014705,9.890536
0.57950515,8.107591,9.621261
2.250492,11.554514,8.446302
1.0814245,11.053551,7.8350863
1.6546028,12.208943,12.154865
7.2963433,14.033922,13.771433
4.816084,9.000853,13.52431
-0.87852865,6.649895,6.814932
8.523762,11.7940235,15.121625
7.4156127,10.4439535,14.1942425
3.3550646,9.375383,11.815451
4.944218,13.8137245,14.532894
7.8536158,12.593315,13.957067
2.0827975,8.526961,10.616476
7.5044584,10.7399235,14.367869
5.8641863,10.583187,15.999269
4.983272,15.13825,13.182303
-0.8500499,11.678481,9.071992
-0.07620245,12.031689,9.744676
8.154368,10.673841,15.451109
0.9027622,10.954338,7.7230897
1.9426785,12.295638,11.998416
5.198875,12.117333,13.265134
0.74547243,12.250031,11.535298
4.3783555,11.43249,15.472415
6.7731524,9.870109,15.975523
0.26236776,10.049042,7.3804865
-1.1637278,6.5179405,6.566635
8.344059,11.9901495,14.936524
6.798109,13.835289,13.934913
-1.1907655,11.505015,9.017247
4.72787,14.976688,13.335507
4.5303783,14.963013,13.858772
7.158432,11.008428,14.458691
7.8038893,10.892381,15.473961
4.856586,13.708107,14.5025425
4.6874223,12.109985,15.269031
-1.3474873,6.4218082,6.422909
-0.21107753,8.410603,8.578377
5.250963,11.995511,15.700646
-0.66671044,12.023173,9.864214
8.2450075,8.897339,15.627237
1.7352004,11.277035,9.59555
-1.2951467,6.4340715,6.4342794
2.1753466,10.23245,11.911303
7.9684577,9.448619,15.681964
5.3164897,14.681114,13.185735
3.4804747,9.503165,12.061772
1.0852221,7.517762,9.921734
3.282063,9.578437,12.0387335
5.374627,11.142881,13.635526
8.221295,11.776553,16.285782
1.4754716,7.8618402,10.383237
-1.6760805,11.646556,9.472652
1.952876,11.846682,9.091932
6.4597125,12.540265,15.496485
2.5033193,8.801644,10.936474
5.7240868,12.559764,15.328885
-0.059322447,9.700129,6.8878827
5.8331146,10.100557,14.418483
4.0690036,9.86292,13.243074
7.871387,8.670443,14.979491
4.925987,15.0396185,13.170823
1.3039304,12.21985,10.840361
5.497904,14.7173605,13.983476
5.155704,14.862275,13.735557
1.9120959,12.298669,11.97522
1.6218702,12.33843,11.643646
5.35182,12.207898,15.562056
4.7735953,14.922421,13.260691
6.053364,14.56771,13.362893
8.07113,11.080516,14.828842
7.8862586,12.561194,14.029921
5.2108154,14.065516,14.495906
7.794519,10.822745,14.982971
6.917982,11.828329,15.900641
4.186158,12.357106,14.65278
-0.12796342,12.020364,9.696347
-1.1075307,11.489048,8.918789
8.379244,10.565291,15.943112
4.620968,13.61731,12.990247
6.4298916,12.697422,15.422767
8.188081,8.6687765,15.2326355
-0.111147195,8.910305,8.246604
4.762152,14.670826,14.084389
3.796895,9.559574,14.312658
4.897352,11.72681,14.033293
6.157166,13.932043,13.832654
6.9807796,11.866447,14.705833
-0.97306377,8.418516,7.599329
7.8642898,8.953336,14.785126
8.235812,12.158823,14.85431
7.0191073,11.120167,14.438501
-0.27422345,5.759554,5.852366
4.9191446,12.831116,15.033645
7.7790284,12.7034645,13.887368
5.4944234,10.37221,14.967229
1.7917384,11.486865,8.477695
5.1731186,11.903227,15.693585
7.240719,13.849029,13.8511915
-0.27669072,9.682704,7.0894504
5.512728,13.810792,14.609299
3.1523442,10.73194,11.967315
8.571186,9.994277,14.702988
6.9298744,13.784851,14.101138
7.661707,12.363883,14.895017
8.102505,10.295643,16.06726
8.416553,9.283268,16.080067
8.406442,8.820417,15.370072
2.7650132,12.227892,12.704863
1.4201936,10.846716,9.356469
7.590127,13.056383,14.460533
7.7901883,10.856798,14.928923
1.5162649,12.264003,11.556087
-0.8868792,6.6398396,6.816853
4.4215455,12.337484,14.932534
7.2905684,13.248131,14.179641
6.7193832,9.91462,15.945481
1.8186216,12.207405,12.195759
2.55893,8.840648,10.98626
5.200204,12.610704,15.281558
7.9227443,11.811795,15.208083
8.712389,8.918542,15.022377
5.6368213,11.932359,13.396884
6.9007525,13.671528,14.062304
1.5214372,12.355619,11.767384
7.345027,11.937425,14.805852
2.3855128,12.070312,12.657522
4.3889284,11.961663,15.232004
5.1752234,13.370379,14.778359
5.8246393,9.22353,14.125217
1.3259951,12.336969,11.744061
8.59327,9.822981,14.760438
0.32820684,9.793204,7.0796328
8.182876,10.518014,15.158881
5.0787663,9.26208,13.704747
5.275752,12.13498,15.469426
4.744353,12.619518,15.050874
2.510335,8.827598,11.02577
-0.38353574,11.980801,9.609031
2.4287996,8.860222,11.195701
1.1058943,12.296367,11.458098
8.592008,8.724781,15.428952
4.6632576,12.180757,15.233451
7.035619,13.515403,14.091759
8.071103,12.127503,16.140339
7.321465,13.523689,13.833278
2.8125434,12.221243,12.723972
8.246092,11.2342005,16.336916
7.690405,11.424456,15.336125
3.1487393,10.771507,11.930901
8.019277,10.312313,15.560472
1.1655127,7.8789496,10.105631
7.615038,13.452489,14.224246
6.6892476,14.026578,14.253202
7.275318,10.052621,15.74312
8.176791,10.36434,15.437199
4.813262,11.329635,15.691779
4.9308605,11.910715,15.551286
7.3333354,12.965328,14.371322
0.20244539,12.151225,10.1540575
5.8475437,14.333776,13.822552
1.5225742,8.57014,9.177901
3.827602,9.589017,14.348767
5.647043,11.942209,13.404881
-0.29535148,12.152713,9.934622
3.3025165,9.534229,11.987891
8.835025,8.748644,15.0629225
1.1214236,12.246564,11.740631
7.6401434,10.184167,15.698375
1.4160507,7.7975035,10.353653
1.0808611,10.96228,7.7527723
5.0255504,9.238252,13.65335
5.825068,14.585941,14.075007
1.6109159,11.120986,7.9997034
4.4749017,11.847826,15.377367
0.69664145,12.263608,11.412216
3.7265618,9.549522,14.282655
8.839971,8.755918,15.040265
8.158481,10.240449,16.471857
7.659511,13.141849,14.358849
5.7969255,12.004693,15.698293
0.98682415,8.0127945,9.9899
1.8591368,11.384279,9.681281
7.584951,13.177497,14.280117
-0.30820793,12.138236,9.942217
7.6696725,13.009535,14.347987
5.171411,10.013679,14.703967
4.4964304,13.456371,12.860398
5.13812,10.016629,14.715828
0.3354151,8.184367,9.340083
8.41166,12.337506,15.085993
8.166362,12.126374,14.922222
0.88409376,7.054466,7.5130844
8.28579,12.067348,14.926457
0.07613194,10.071584,7.206044
5.5615416,12.528585,15.059331
2.637972,8.884405,11.013245
5.1156797,13.771383,14.581216
3.6800206,10.173731,12.828173
4.453249,13.291142,13.499193
4.7951884,14.898485,13.308901
7.019678,10.221575,15.94727
4.8750515,14.513766,14.198766
1.786736,12.251201,11.7333555
2.2243502,10.259726,11.927198
8.118323,8.769098,15.260019
7.4747295,10.439453,14.219772
-0.91768044,7.9607716,7.0130424
8.122963,9.545051,15.303661
-0.65113026,12.042016,10.281194
1.9334339,8.339485,10.578359
3.8589437,9.926307,13.27572
1.980324,11.283586,8.149303
4.8441324,14.522384,13.248914
0.38418326,9.188814,8.397861
7.6778026,11.679858,15.428223
4.416305,13.410271,12.758695
6.8558025,13.926603,14.052586
8.185755,10.981415,16.735826
7.1152697,10.67206,15.915871
-0.050421912,12.17788,10.748131
6.767033,10.035542,15.980015
-0.11433681,12.134864,9.960163
7.3944306,13.677897,14.337015
1.4708428,9.920128,10.534083
-0.8068121,5.9921517,5.9219646
5.083367,14.058414,13.246384
1.7400954,11.274101,9.585759
-1.197269,6.489795,6.5204453
7.889062,8.510301,14.973771
6.5440645,10.147694,16.024881
6.8320727,13.862457,14.030402
-0.279381,8.4118395,8.505851
7.435571,10.972898,14.481724
8.4432535,12.3530245,15.065726
7.6080985,12.03104,14.913342
7.772097,9.590764,15.761207
5.282733,14.908723,13.842523
5.3442674,12.309252,15.518154
-0.24783249,12.130435,9.8758
1.5610516,12.395526,11.828569
2.132281,8.569921,10.645047
5.5569124,14.77038,13.534694
7.9093447,9.337322,15.783069
4.9629636,11.840542,15.595636
7.7660356,12.207279,14.380373
8.083736,12.17049,15.968682
0.26371577,6.948529,7.220582
8.03625,11.630327,15.209817
-0.039869074,12.176742,10.740606
0.45924023,12.145293,10.258528
4.9003816,12.292058,15.359205
7.9514165,9.662565,15.3623
4.9907494,15.092736,13.191211
1.5388678,10.019694,10.559199
6.1292453,10.935628,15.931531
3.2903578,9.588164,12.065749
-0.53304005,6.7978406,7.0450554
-0.51426524,12.059754,9.956937
2.4797654,10.288298,12.083977
5.4768763,13.289433,13.771788
3.5411716,10.167598,13.2755
3.8769174,9.753736,14.417349
1.6971147,9.934701,9.723141
2.8373106,9.17623,11.452134
8.772075,9.066343,14.984154
2.4000862,8.749443,10.861299
0.421348,10.401309,7.461781
0.8920554,8.033989,9.909176
5.9223185,10.005013,14.441668
7.8262777,8.847313,14.897103
8.023217,12.243504,14.868715
4.830475,14.845525,13.252335
-0.47988707,8.186824,8.445754
4.370526,11.908147,15.27154
0.754609,8.044304,9.772917
2.8243012,10.89038,11.333527
2.560436,10.366448,12.151553
7.4351244,13.6473875,14.301686
0.7689656,8.050933,9.802095
8.287972,9.049985,15.249131
3.891997,9.823837,14.410784
0.8504177,8.032741,9.864318
6.57576,12.477754,15.528789
2.0396538,11.736171,9.076816
5.635769,13.312927,14.910887
-0.8084338,5.9828105,5.9120083
-0.59071624,6.775301,7.007019
4.885916,13.974823,13.160937
8.435929,8.604363,15.477276
3.1036968,11.44463,11.677465
6.2523847,13.974506,13.824053
1.7556074,9.941559,9.795959
0.55010223,12.205648,10.542441
0.5808876,12.133624,10.289378
7.374301,12.907217,14.522256
2.5986876,12.001824,13.136962
7.930378,9.328135,15.754137
2.8545368,10.924165,11.362093
8.111027,12.741295,14.96316
8.411321,12.387698,15.055465
8.204762,10.922332,16.805328
1.5177802,11.330249,8.261593
5.2457266,13.199544,13.672604
3.9920402,9.87314,14.472138
2.497227,11.627595,8.822158
8.341036,8.498702,15.626136
3.5193913,9.454778,12.015889
8.084341,12.997395,14.772771
4.9466076,11.805637,15.649724
0.114304036,10.243167,7.24844
1.2893243,12.236591,11.915579
4.2999053,13.204649,13.422454
7.148868,10.578598,15.913529
1.908918,8.315528,10.572926
7.5876627,10.703701,14.649108
8.175647,10.47179,15.461323
3.3477132,9.355929,11.788897
7.827839,12.393823,14.759248
1.5645562,8.610403,9.148001
7.5892787,12.523748,14.703403
6.6330004,13.938268,14.30382
-0.08151149,9.766582,6.944926
8.101404,8.751026,15.725139
8.146851,12.72884,14.957245
5.066407,14.109292,14.459082
-0.108894594,9.730912,6.928976
0.74627113,10.277709,7.4442973
6.0070705,10.810724,14.043802
0.64036644,6.9390893,7.3704863
6.289442,12.740253,14.45552
4.71917,11.721081,13.894665
8.206034,10.8896055,16.8108
1.7472365,12.234886,12.067246
8.311503,10.861232,16.14955
1.5524095,8.374305,10.301797
3.481165,11.668642,12.808458
8.200546,11.856188,16.23605
4.3382826,11.504159,15.398761
1.4684204,9.924773,10.526152
2.7394829,10.958501,11.16144
3.7567184,9.533087,14.295936
5.3958426,14.884997,13.8929205
6.7860775,11.834358,14.617195
6.6010246,12.418445,15.55361
-0.2003352,12.120864,9.856446
5.0878744,14.433655,14.262717
5.892786,10.616298,15.99093
2.0148816,8.421215,10.622704
-0.74234086,5.9398036,5.870338
0.65818095,10.768128,7.593973
7.8699107,13.223773,14.64921
1.8951213,12.20574,12.407553
6.8563137,11.813564,15.848821
8.44195,11.482508,14.458254
-1.0469217,6.5299687,6.6346574
5.729529,9.267317,14.081383
8.362843,8.543338,15.64193
7.600774,11.928127,14.904731
1.2869475,7.6757884,10.205223
-0.784758,6.6741123,6.8907003
4.759991,15.021336,13.364181
7.849301,12.664847,15.699478
3.6341326,10.789342,12.447381
5.845883,13.209152,14.047132
5.093843,14.310263,14.355084
-0.07679094,9.735831,6.936259
8.206313,10.367626,15.1766405
-0.9858487,7.7677183,7.0438843
8.228127,9.271633,15.268137
6.078531,13.981203,13.61655
6.3513713,12.776859,14.474642
-0.2532496,8.369166,8.563455
3.2499194,9.534395,11.979843
-1.5012594,11.429523,9.062284
5.5132933,12.298178,15.597205
6.5092473,12.170847,14.585105
8.113244,12.146226,15.822736
0.034826342,12.184907,10.692127
1.9243134,12.232467,12.2611475
3.497003,9.438492,11.962561
7.0764666,10.799526,15.916243
3.479791,10.238647,12.657409
0.5857782,12.254079,11.346383
7.8847747,8.556154,15.007026
5.6219206,12.453365,15.370503
6.510754,12.221734,14.580467
0.7876634,9.99102,7.211034
6.698993,14.034698,14.247737
2.4109917,10.28963,12.005906
5.055968,12.621886,15.236382
5.201406,15.001113,13.787582
7.541161,10.347299,14.263397
-1.6609954,11.643071,9.4732895
4.904214,12.40542,15.279088
5.3280754,10.333429,14.904687
8.1346245,9.724494,15.354908
7.7362046,13.011091,15.374975
3.1396189,9.238028,11.546721
3.2441883,11.545841,12.023221
-1.2807022,11.578338,9.2792845
4.72414,13.730943,13.080688
-0.59387565,12.03767,9.818459
6.631987,12.513598,15.499804
0.5212794,7.0318885,7.3101463
4.8272805,13.484875,13.242185
5.746832,13.882482,13.885093
0.36316064,8.192179,9.368523
1.5217211,7.9058604,10.404665
7.2988644,12.85355,14.723714
8.288506,9.179192,15.27209
5.5759726,14.764295,13.533385
7.4684896,11.2254715,14.47681
-0.9269167,11.846374,9.612112
5.9781857,14.620419,13.357088
-0.45110974,9.088124,7.7746816
4.4197593,13.429586,12.738456
1.1571963,12.305398,11.452036
4.6102557,9.119099,13.335441
7.645818,13.179847,14.317654
7.950817,13.192236,14.631047
2.100258,11.528995,8.44922
2.4092414,10.27077,12.037223
1.9483844,11.778665,9.050506
2.2459674,11.555527,8.433078
6.5065584,10.231016,16.015392
7.367243,13.40992,13.662703
8.336939,9.481541,15.211982
0.70041347,12.254209,11.402294
5.033081,15.044502,13.181836
7.55825,10.192299,15.676619
8.106698,12.118274,16.106594
-0.53276414,5.844403,5.8068004
1.0725011,7.862444,10.0796585
6.228486,9.308307,14.284705
4.8952956,11.667903,15.656398
-0.56263626,8.252164,8.289396
8.112351,12.119089,14.908137
0.8228932,12.23692,10.977977
3.3066907,9.578319,12.073091
0.9979836,7.959335,9.99588
4.665961,12.606727,14.9958315
5.425493,14.824568,13.272656
4.8504004,11.635142,15.664897
8.385487,9.057657,15.301007
-0.46947536,8.281155,8.397653
5.399186,13.582244,14.733938
6.9695115,12.884674,14.555798
-0.7941657,11.740504,9.208657
-0.6226505,6.7648196,6.991786
0.61549383,7.0115294,7.3417177
7.0882306,11.271708,14.370994
7.6953897,12.329366,14.795017
2.785176,12.26523,12.685399
-0.5234903,5.826778,5.766989
2.1025646,11.637346,8.679895
7.5536313,12.555688,14.354485
3.076708,10.801557,11.8155985
6.494715,12.409536,15.578347
5.788323,12.528501,15.333399
8.510389,9.088734,15.3737135
3.2546997,9.323071,11.701542
-1.3679919,11.185382,8.610618
3.8792825,9.698294,14.407985
1.5091914,12.3822775,11.670953
1.4051192,9.854323,10.506443
7.6695795,12.445353,14.9742
2.4571958,10.214549,12.104064
8.089407,9.854393,15.303686
4.3310876,9.156993,13.086345
7.7593412,10.76902,14.926033
7.704541,12.141229,15.042544
5.406056,14.890525,13.851123
7.6223464,12.271246,15.047907
4.6833324,9.123737,13.397049
8.388048,10.62722,16.132582
0.87598586,8.044964,9.895294
5.1418924,10.041892,14.7284565
7.3191867,13.911712,13.782846
0.6893539,12.270484,11.299849
7.7882185,10.907825,15.460394
1.1817762,11.339247,9.222783
-0.0888824,5.853373,6.0227456
7.917957,8.836823,14.816966
4.9673743,13.713574,14.5981865
1.2080892,12.205365,10.760554
0.20563127,6.915516,7.159623
2.0239155,11.761063,9.013681
5.7101245,14.594671,14.055315
2.4490788,12.01136,12.844586
4.8820896,11.778379,14.015512
0.300366,9.776913,8.584496
8.279851,8.748934,15.635082
8.176803,8.674807,15.724321
8.712167,9.256827,14.9456
-0.22379783,8.539337,8.451549
7.602693,9.974322,14.795907
1.082367,12.26666,11.087831
4.794293,13.393248,13.270266
1.5329776,8.547438,9.181339
8.27815,8.816947,15.425027
7.9780507,8.818456,14.837139
-0.7441169,11.984259,9.836649
3.0984101,10.78531,11.860306
4.6897492,13.612517,13.074231
0.3747292,9.811831,7.113637
7.6259513,12.442166,14.707232
0.6585716,6.911142,7.272597
6.922198,11.302184,15.838712
1.3944095,9.915877,9.378004
6.7725544,11.354239,14.375839
5.7981324,10.067537,14.466645
1.9234324,12.311656,12.00799
6.8076143,10.032089,15.96036
0.65074486,6.9058595,7.2636585
5.121453,14.06132,13.255529
6.9154468,12.523047,14.307542
5.2239776,14.715608,13.939996
5.5867734,13.73492,14.683393
3.774108,9.417839,12.279624
5.6603413,14.656446,14.036093
7.958315,9.428362,15.700812
0.3757722,10.389463,7.4006147
1.3672339,9.988962,9.391755
-0.5926351,5.862524,5.8290462
7.3796153,10.393302,14.1982565
5.190926,14.789738,13.932168
4.4372315,9.065428,13.168599
5.5193377,11.82684,15.814917
3.3693383,9.356669,11.802168
2.6240637,12.143391,13.069108
-0.71511656,12.01683,10.128911
6.2904816,14.539513,13.768213
4.9933767,9.95211,14.654237
8.860892,8.744958,15.038184
5.1026363,9.974013,14.676982
1.7428825,12.238713,11.659275
7.797214,12.2827425,14.27305
1.2234905,7.780828,10.189347
5.283625,12.133728,13.297941
4.647401,11.365838,15.625445
7.247117,13.515875,13.923759
-1.3355768,6.387882,6.379375
-0.18762515,9.777879,7.0299115
8.411104,11.329746,15.140537
3.4874427,11.084165,12.333844
2.1095889,8.507285,10.665328
8.468972,11.316029,14.493629
5.1610417,13.835528,14.57265
7.8344855,11.973585,15.179783
8.081951,10.350224,15.572779
5.966224,14.597879,13.367619
3.866006,9.681754,14.41389
6.90495,11.79834,15.900637
0.1670551,12.205067,10.76103
0.25639537,8.239242,9.235675
2.9417288,9.146409,11.390887
8.409549,8.586223,15.351468
1.9689515,11.7955265,9.0703
7.5492043,10.427348,14.279858
0.8146295,11.251436,8.975773
8.105794,12.978535,14.797626
0.37566993,10.542361,7.4250736
2.7456336,9.005505,11.173259
4.6395197,14.775624,13.99843
4.2144804,10.008982,14.570204
2.4962747,10.312487,12.079851
7.3132987,13.168273,14.139046
8.053751,12.271905,16.0833
4.3425803,11.915084,15.237224
2.194854,12.183363,12.227225
1.4202816,7.810743,10.34215
5.263131,14.933753,13.826234
4.311771,9.083991,13.048724
1.4800664,10.810688,9.438191
-0.814998,11.899932,9.628729
4.7255125,13.445471,13.658662
8.153303,12.262207,14.807477
6.3443804,10.737853,15.976054
4.6599975,12.5012665,15.046714
0.97770786,11.018309,7.774505
1.9433908,11.406313,9.776595
-1.2219255,6.38507,6.3883595
-0.23705454,9.33376,7.9588647
8.559217,8.54433,15.517007
4.3092875,12.380817,14.775733
6.2754054,10.761902,15.969741
6.145813,10.4669,15.996299
-0.5656259,8.27497,8.267027
2.8639884,10.927051,11.374881
8.422324,8.785276,15.911955
3.478642,9.512751,12.065277
-0.33406365,12.104713,9.980288
8.050929,12.347808,14.855836
8.041584,12.3310795,14.823403
-0.39460298,5.7820983,5.808506
8.179493,10.392782,16.036367
0.22849685,12.198034,10.504862
0.3996335,9.196771,8.388419
0.06173645,12.065238,9.891898
0.003967104,9.9895315,7.1560235
-0.926854,8.142386,7.400069
-0.43026745,8.204084,8.481897
6.7196546,14.088138,14.210895
-0.50138867,5.8574977,5.833567
5.248628,10.39581,14.904461
-0.27826354,5.789128,5.8622947
5.3304033,14.872598,13.92034
1.0405165,10.988827,7.7620177
-1.0928339,11.515581,8.959318
-0.49970043,9.162815,7.850451
1.990546,11.3409815,9.908667
6.4811788,12.088695,14.596629
4.3262506,9.155541,13.10443
7.8610625,11.221252,15.349583
-0.57952553,8.302766,8.242435
1.0822973,12.247978,11.102107
-0.012010201,5.934207,6.142618
6.7774143,12.375482,15.491749
6.29949,12.711082,14.459402
7.885444,11.729995,15.25847
6.713918,14.066051,14.251529
1.3617296,7.729601,10.310377
3.7123225,10.035279,13.288052
2.6123233,12.146228,13.103452
8.270614,11.653348,16.292038
6.1306367,13.865131,13.883365
5.045965,14.64118,13.626775
4.848305,11.829576,15.59624
7.7968473,10.697694,14.963958
-1.1324075,6.40517,6.426983
1.6848744,8.0888605,10.474806
-0.036077965,5.8414927,6.058454
-1.0388751,11.749926,9.460774
1.4324366,12.319155,11.486224
6.9488907,11.890847,14.685113
-0.17847525,12.136863,9.883335
7.1477475,10.463733,15.914745
8.118635,9.759828,15.378847
5.903033,13.14976,13.61412
3.079998,10.342202,12.936772
1.0847574,7.5074134,9.922946
1.0580769,7.8911114,10.049531
8.183374,10.773823,16.716934
6.690619,12.43196,15.508485
0.9805139,7.1858478,7.640263
-0.14282116,9.571892,8.214823
3.6520648,9.475933,14.163007
1.3397563,12.226654,10.985539
2.0072064,11.302202,8.157356
8.38058,8.96985,15.905752
0.42976636,9.8361025,7.112485
1.9890499,12.290789,12.103036
6.8456073,13.790147,13.932903
-0.9194568,11.869887,9.658198
3.6339884,10.140115,13.32551
5.7972984,9.228404,14.098195
4.860205,13.951563,13.161835
6.067975,13.948776,13.682787
8.201227,8.983434,15.6152525
4.646496,10.400542,14.678844
0.75952744,12.26487,11.255268
6.357238,12.548196,15.473861
3.0827389,10.360723,12.889411
-0.5067491,8.285516,8.346606
7.7173986,12.004885,15.175225
7.552356,10.014865,14.794318
8.072491,12.2556095,14.805155
8.120984,11.0154,14.689823
7.7734737,9.291891,14.809773
7.76654,12.158231,14.381604
4.836184,11.3083105,15.712315
4.34374,9.102684,13.086494
7.9360366,9.309377,15.776605
8.790598,10.693217,15.128913
-1.131809,11.537328,9.097
1.2487954,10.224804,9.286412
4.8350325,9.047294,13.569227
5.0889363,14.317425,14.358761
2.8214421,12.236816,12.883871
5.924615,14.581786,13.777863
2.1953976,11.515219,8.393136
7.937793,11.835406,15.159908
6.4676666,13.540215,14.195242
0.9886545,11.025376,7.790719
6.9584994,12.956009,14.300855
-0.9161881,11.892034,9.753039
5.512223,12.102702,15.7648535
7.4295754,13.332021,13.679874
3.4861526,9.5193205,12.100542
-0.65002626,8.916984,7.905018
8.542906,11.823321,15.116315
5.0798073,9.316888,13.716902
4.9142966,11.823888,14.097922
6.608,12.511143,15.509275
4.2614927,9.972093,14.560792
-0.8645364,8.783785,7.600669
5.171917,11.912589,15.563935
7.5634274,11.7090645,14.36111
6.907384,11.830985,15.882666
-0.021616437,12.178709,10.244704
7.8301864,8.572879,14.9667225
5.5542274,13.805434,14.615893
-0.17942515,5.825126,5.9305263
2.647037,12.117008,13.129936
-1.2543333,11.282426,8.6953
3.1094732,11.432258,11.710267
-0.8170002,8.960652,7.894126
5.4930835,13.394045,13.756109
3.0167587,10.883469,11.806044
1.2032008,12.280823,11.562755
0.38087878,9.831855,8.641459
1.6423696,11.147842,8.021046
1.1292969,10.115522,9.173543
3.8291368,9.610702,14.343561
4.9286304,13.936244,14.465318
5.6607237,12.166507,15.702408
6.7775803,12.43115,15.474233
6.847391,11.814249,15.890257
2.6630743,11.98595,13.264832
2.4137177,8.853373,11.201519
7.2842083,13.532126,13.901682
0.35955933,6.475746,6.7963395
5.9152937,14.64344,13.350469
-0.13624954,12.006094,9.671603
0.17987849,10.214485,7.313735
4.8723173,9.183738,13.535013
8.448149,8.824886,15.900463
-1.3955327,11.179476,8.603238
3.6277483,9.5625,14.2289715
8.520188,8.737085,15.477751
7.454309,13.038382,15.258086
7.386571,13.210164,13.643669
2.6756136,11.983654,13.27055
0.4925734,12.176998,10.4556265
-0.21825512,5.7812157,5.9688516
6.108524,14.017971,13.786754
4.8465886,11.735559,15.62383
-1.6653606,11.653902,9.485626
4.85187,14.884179,13.483902
4.4476967,11.913877,15.317019
7.1435766,10.512097,15.915959
0.34185264,6.4388266,6.7628055
2.7332835,12.084483,13.259051
4.8096395,14.382367,13.259629
-1.3182038,6.430138,6.4199214
2.2041693,12.196686,12.182315
1.708464,11.290242,8.191821
2.5564954,10.351737,12.032056
6.602525,13.9681,14.301505
8.325531,10.618319,16.053976
5.091758,14.283183,14.375224
6.860521,11.808615,15.868353
7.4180098,10.503679,14.208939
-0.46805587,12.09656,10.068728
0.14050168,8.311705,9.0723
-0.36683565,5.832346,5.8826036
3.8357682,9.630729,14.355294
-0.8715748,8.764015,7.6176095
1.566846,8.622451,9.1323595
-0.5780591,6.76902,7.0074167
4.4078174,12.040681,15.21362
4.7735815,11.930054,15.519994
4.640005,13.751275,13.55215
5.481339,13.743973,14.630667
4.4247518,10.34024,14.624405
1.0974451,7.9816823,10.07841
1.2233238,7.6295886,10.112607
7.272314,14.054732,13.772563
4.71906,11.593467,15.607758
4.7515707,12.9651,14.825903
7.9005356,13.287282,14.621481
7.2132707,14.073794,13.790977
5.033312,12.738356,15.137079
5.8873043,12.443193,15.035782
-1.6015073,11.689356,9.531769
3.5059752,10.184145,13.263968
5.862732,10.950134,13.920701
2.1465034,12.123472,12.513741
-0.20003396,12.024051,9.732516
-0.079112716,8.702568,8.404189
1.2641139,12.246412,11.694588
1.3407626,12.240984,10.922414
7.678312,10.016899,15.257947
4.187575,9.913908,14.513797
2.0693152,12.267011,12.12672
6.783006,11.33306,14.380572
8.414721,9.026266,15.960404
-0.06352612,12.150074,10.673218
5.537766,11.792577,15.821553
7.8920836,8.540169,14.939807
-0.8033971,5.988259,5.9213986
4.596357,11.897632,15.38454
1.1321644,11.323617,9.132085
7.0760093,10.302136,15.908964
2.1482635,11.861859,9.231776
4.2724514,9.10331,13.022534
0.82915735,12.248917,11.597733
5.3386784,10.321662,14.916807
0.22454739,6.278932,6.574971
1.7707634,9.949309,9.82635
2.793838,9.161407,11.423124
7.523651,12.970031,14.243691
2.954503,12.2116375,12.9022665
4.83381,15.195574,13.627531
8.228503,11.732036,16.297224
2.548429,8.82831,10.974977
0.7040309,10.251261,7.429147
2.55425,11.637236,8.897742
4.6345963,13.509127,13.059963
-0.51109576,12.073476,10.3090515
4.5182858,9.111953,13.251351
1.4673849,10.004359,9.479607
-0.89137894,6.617071,6.7890854
4.912549,15.051504,13.266991
1.1393291,10.882851,7.7318654
3.3858447,10.791701,12.217545
3.1525853,9.508349,11.8096
-0.52657115,12.037934,9.747884
5.644798,14.596641,14.023707
0.72675073,12.265816,11.337786
1.0051634,12.249809,11.6657
7.769547,12.519548,14.790199
7.888498,11.835554,15.259227
-0.8803097,8.758519,7.6007338
4.817122,12.011323,15.504552
2.788885,10.917676,11.277052
4.836537,14.876581,13.295875
4.969421,9.259942,13.620703
3.8712726,9.9272585,13.293828
-0.5597528,12.0613785,10.19001
5.2125487,13.124164,13.673614
5.441403,9.223954,13.919304
8.393249,8.985887,15.338504
5.078194,11.120087,15.743805
7.577163,10.069196,14.733321
8.109366,11.484645,14.486999
7.536832,12.8843155,14.35368
0.25230572,12.2190075,10.872056
-0.25032997,12.143939,9.924716
8.186095,11.721199,16.267366
8.222096,10.932013,16.80675
8.319093,8.515589,15.641899
7.0187654,10.558992,15.893927
4.9362326,13.5251045,14.633738
7.5542827,10.056779,14.751892
4.7900033,13.482841,13.202793
3.4956946,10.182063,13.298782
6.9831533,12.430552,14.35116
1.9756646,8.358525,10.613617
1.9914654,11.799069,9.110778
5.0500655,14.909823,13.65575
8.442072,11.4974,14.471623
3.6148,9.605067,14.229083
2.5746167,10.20253,12.15825
-0.22174749,9.317687,7.9710927
2.03124,11.6656275,8.80889
7.5784755,11.346339,15.244543
7.6088967,9.992577,14.692565
2.8419223,10.9157095,11.351665
8.387438,10.572703,16.022503
-1.5112021,11.477242,9.147098
1.8867356,12.205856,12.424523
7.4120355,13.374403,13.664117
7.400412,13.828471,13.939918
5.4315176,14.860909,13.883096
1.0488812,12.258377,11.018696
2.0028975,11.380475,9.862856
1.7172893,11.242486,9.581012
5.849646,10.1798115,14.30999
7.894346,8.881566,14.816499
-0.32668817,9.650938,7.1153145
8.033409,8.675848,14.781695
5.039514,12.121997,15.526345
1.0788885,7.944578,10.066924
7.987157,10.296385,15.597929
6.1391506,10.357366,16.035002
1.5651612,8.609038,9.14454
1.876697,12.213649,12.336068
4.766426,13.510942,13.596356
7.6085243,13.131536,13.740529
1.3588719,11.213689,8.0791025
6.8595185,13.904535,14.023793
8.151907,10.501291,15.494041
8.055039,12.249083,16.058573
8.345432,8.516818,15.634027
1.4427044,10.781101,9.398775
1.9377726,11.484717,9.661943
2.4036589,8.840289,11.147923
0.7851923,6.9955935,7.4321733
2.2636328,12.203759,12.329643
4.9652104,15.044528,13.182575
3.8868458,9.580755,14.3169365
7.9974957,9.360677,15.697993
5.95873,10.80623,14.056423
6.370389,12.792961,15.335905
3.0656781,9.300153,11.602426
4.714161,13.573009,13.126489
7.4180455,13.297088,13.667897
-1.2259161,6.4630284,6.4833994
7.8092446,11.329083,15.31191
5.4825597,13.801515,14.609854
3.6402283,9.58449,14.234792
-0.5704826,12.001467,9.797769
-0.98606724,11.681446,9.260932
-0.81654054,5.9939747,5.922735
8.583277,10.023906,14.714413
1.9988,12.292288,12.074478
6.270456,14.558927,13.77423
4.596117,14.91207,13.868725
4.326082,10.17149,14.589281
6.190215,9.301129,14.273238
0.7376771,8.064757,9.779637
1.4153279,9.875035,9.388983
-0.28918406,12.031272,9.707388
2.758967,9.010816,11.174777
5.909803,14.534046,14.098568
3.3600154,9.447881,11.902947
-0.9591687,6.6005497,6.7446604
4.521714,12.02325,15.325228
8.356972,9.459072,15.210307
8.228872,8.676931,15.637627
4.6771364,14.572742,14.110065
8.446511,8.792698,15.859738
5.956357,13.919918,13.629235
4.8927903,12.154078,15.467786
7.6026173,10.816228,14.420318
1.9710767,11.337521,8.213676
3.6593385,9.502042,12.254644
1.9220387,11.779514,8.983773
-0.11306683,8.676308,8.375433
-0.18337607,8.609633,8.419007
-1.3077039,11.243901,8.666632
7.7058005,12.650121,14.893165
6.9261494,12.370382,14.342745
3.4865937,9.452899,11.999459
5.228132,9.224804,13.802401
7.4290624,10.695559,14.583089
1.4784532,10.98683,7.8643236
2.2477458,12.195838,12.346308
6.5550337,13.605116,14.209751
5.9391212,10.453663,14.202116
5.218822,12.148423,15.562207
0.49142957,10.078069,7.3279877
0.6302659,9.931109,7.18355
4.3223624,13.3747635,12.568363
6.272523,14.005006,13.788574
8.428058,8.5496435,15.408285
1.8754524,12.280629,11.953358
-0.5013105,9.07058,7.742423
1.8391337,11.371418,9.675324
7.499676,9.910669,15.474634
2.1520267,11.610677,8.631989
8.563433,10.104335,14.675558
5.2364383,13.826029,14.56896
5.361599,14.780483,13.912316
1.2591763,10.251835,9.290679
-0.762062,5.9565554,5.8900394
1.4879482,7.950614,10.377725
3.6588802,10.172367,13.367866
4.5421824,11.807802,15.436437
5.8051834,10.85923,15.905306
4.6965375,13.507777,13.190699
-1.0623515,11.7462225,9.471937
1.9813608,11.712317,9.470762
0.3707885,6.9831557,7.26973
-0.16933022,8.578988,8.465732
2.5616355,11.657601,9.021748
1.8724324,11.5503435,8.601852
4.936061,14.739331,13.522295
7.3243003,12.048098,14.407419
-0.7200366,11.790383,9.319765
5.871692,10.539574,15.984719
7.8054433,11.945161,15.132245
3.0551648,10.815451,11.764612
-0.49767658,12.097189,10.368523
8.187098,10.994361,16.70931
5.022592,12.2634945,15.43579
4.6904907,13.847606,13.080485
3.6025088,10.778671,12.427659
1.5171114,11.020479,7.894638
6.7090287,13.882037,13.940276
6.7248383,12.4369955,15.516986
3.3887694,9.358301,11.819344
3.6554837,9.648608,14.17904
-0.38006625,12.088165,9.874565
8.193272,11.073135,16.606161
4.358017,13.281737,13.446101
4.935928,13.826383,14.476732
4.5716453,9.106398,13.301118
4.7618933,15.212342,13.551118
5.875278,13.138713,13.574321
4.878563,15.1355505,13.557173
8.151163,11.120804,14.613254
1.5598444,12.260496,11.445876
4.858904,11.373001,15.724041
1.7618346,9.947916,9.809602
7.1605864,10.518685,15.917421
2.124242,10.175766,11.861207
3.0781307,10.331036,12.94683
7.0833225,10.355904,15.934599
-0.9834072,6.599818,6.7384114
6.0162625,14.53425,13.748954
5.049259,14.992103,13.7410965
5.0051584,14.329664,14.327667
8.695228,9.185124,14.985982
2.4289985,8.862557,11.199506
5.8347945,10.056183,14.431555
4.900356,13.341035,13.317708
-0.52470416,8.232049,8.36576
-0.8354722,6.0139,5.9503565
8.2288065,11.794167,16.27367
4.788342,12.031003,15.451289
7.508278,10.077874,14.754592
4.5996466,14.864922,13.92984
1.24672,12.238462,11.227227
2.449068,10.285824,12.051323
-1.370261,11.227362,8.667914
6.9099846,11.73834,15.89415
7.4717927,12.975912,14.255813
0.09977193,12.185394,10.441189
5.7852435,12.377925,15.258216
7.779072,10.235054,15.488707
7.629577,11.808824,15.269438
7.787513,11.407437,14.85016
7.985802,9.194556,15.717337
7.0584836,10.903103,15.903225
8.224069,10.079575,16.020248
6.106804,10.606839,15.989526
4.9675345,9.210153,13.613467
8.100044,8.467601,15.721875
4.6924696,11.371413,15.678205
5.309932,13.194355,13.710941
7.88104,12.641465,13.992193
2.6976173,10.550645,11.917656
3.554217,11.047699,12.3653965
5.9738894,10.762709,14.04795
4.7710676,11.88472,13.846526
4.7400527,15.251541,13.5225935
6.0085063,14.580585,13.36998
1.9241334,12.2438,11.9217
3.7130613,9.440416,12.213507
8.219809,8.667351,15.246157
-1.1738598,11.734984,9.512338
4.9496193,13.784526,14.606014
-0.1261332,5.7640386,5.950382
2.1311605,11.858889,9.231856
4.7521334,11.75342,13.958679
8.210905,10.400989,15.178475
1.1293464,12.279718,11.55125
2.4427273,11.985492,12.841474
5.449856,12.2188225,15.531293
2.1431956,10.222175,11.891127
0.4866133,7.1356835,7.402039
7.7668066,10.294389,15.46588
8.451462,11.474186,14.47501
4.5205,12.424255,14.961928
5.107321,9.2113905,13.6955385
8.182511,10.897191,16.703972
5.1857343,9.227911,13.770274
5.7174706,11.9993,13.379327
1.3368216,7.753404,10.2761545
4.8383956,11.748229,15.613169
4.409974,9.155707,13.148876
8.285224,8.615959,15.641029
1.1566112,7.983233,10.13762
7.403185,12.878179,14.796416
4.5791183,11.417447,15.612427
5.2309513,12.544996,15.333715
7.9350758,10.674544,15.190769
8.515665,8.820785,15.79762
5.480846,13.691734,14.670185
1.2423618,12.299077,11.4052515
6.8659472,11.872507,15.890994
4.93998,11.857164,14.019697
-1.0857512,11.411515,8.809711
-0.86631113,8.004521,6.998384
5.97148,14.5668125,13.75659
7.997909,9.354709,15.7042
3.6594772,9.532454,14.166329
4.189924,10.050823,14.561407
5.249973,14.843794,13.803873
1.2694519,12.303558,11.772239
-0.0796545,12.171989,10.621137
7.8611755,8.550587,14.940958
8.090642,10.959812,14.812434
4.9289722,12.722813,15.086942
5.9744625,10.522342,16.025352
5.446237,12.932355,15.146813
1.4339033,9.858273,9.397533
7.3853498,11.208924,14.764283
5.9886193,9.266499,14.188835
1.5777857,12.278889,11.598052
8.507765,8.729504,15.484366
4.979558,14.772851,13.577271
3.3524334,9.505101,11.95789
7.668481,9.60373,14.962156
1.5068718,7.8562474,10.41077
2.469955,8.888423,11.21208
7.871866,12.536879,14.065113
5.890885,10.532563,16.01274
0.14666931,8.30775,9.075548
0.1785097,10.131759,7.324867
2.2765436,11.566591,8.455127
4.981815,13.810023,14.529049
5.869178,10.158706,14.321151
0.7982933,9.996378,7.224835
5.296295,11.193624,13.639578
1.5368956,12.2786455,11.531961
4.7139125,12.050656,15.388139
-0.27492982,11.924989,9.5542145
7.070653,10.918427,15.896565
4.287334,11.424073,15.412027
8.129669,11.8647585,16.218546
5.42409,9.238228,13.931099
1.3495718,12.291525,11.437254
-0.54512054,11.982887,9.689387
5.5265474,10.083841,14.650867
2.249,12.206122,12.329032
-0.5140451,12.034312,9.751713
8.064691,8.659529,14.788511
0.9686369,12.255154,11.684955
0.4361875,10.314914,7.4115057
-1.5686567,11.601033,9.397261
7.5511804,11.874699,14.888
4.6881404,11.881514,15.468429
1.7566051,12.258123,11.746963
7.722215,11.620725,15.184317
1.7388244,12.338083,11.803071
4.8964148,13.5455,14.608153
8.511107,11.001375,14.507785
5.1171293,9.982454,14.685942
4.0888796,9.847804,13.246698
3.5579531,11.242364,12.985501
1.3660681,10.733547,9.361361
4.106966,9.846787,13.2495985
5.2044096,14.985779,13.797803
8.154099,8.773754,15.601227
-1.3285139,11.29675,8.748016
8.8663025,8.742704,15.029999
-0.16373998,9.556641,8.194045
-0.5825268,8.236742,8.3113785
7.8966727,12.524743,14.070231
0.6808612,7.00706,7.3817434
4.6765294,12.245323,15.205683
-1.4349967,11.456529,9.0919695
-0.3299636,5.8030324,5.8419447
7.9194293,8.887298,14.820364
6.4049497,11.156958,15.786253
0.8866799,11.22418,8.999272
-0.14422607,9.740945,6.9563446
0.58256966,10.229481,7.4053802
2.4571726,8.895112,11.241677
1.93693,11.771805,9.000396
0.90051883,12.286509,11.414752
4.639563,12.003915,14.947826
5.296999,14.72111,13.935555
-0.8769856,11.920395,9.775213
4.927352,14.437671,14.2529125
1.4016213,7.763358,10.339822
4.7301846,11.954406,15.462677
2.4100668,10.265171,12.044062
0.9581798,7.970927,9.961939
4.414885,9.985489,14.246636
4.8336835,14.976345,13.38147
7.981123,9.444428,15.685668
8.083183,10.969461,14.829117
1.1070635,7.647194,9.964805
-1.2012237,11.470163,8.959825
4.4817557,11.877216,15.351444
4.545989,9.113244,13.27598
-1.1564242,6.503856,6.5517955
4.8358293,9.0352125,13.539115
0.6164572,6.8760796,7.229418
2.766497,9.098485,11.344596
4.8531632,15.056969,13.446602
-1.1172382,11.404917,8.811033
-0.8900305,7.986442,6.9888515
3.334476,11.610572,12.321549
3.0038345,9.172297,11.418331
4.3965883,10.243584,14.6254425
1.8218397,11.570859,8.669586
4.374876,9.1665125,13.17934
6.2599955,14.439881,13.295471
8.392397,9.131661,16.029829
5.296914,10.22594,14.838918
8.218592,10.940518,16.787968
-1.4734441,11.471728,9.106815
0.65580416,10.248115,7.4176097
8.007729,12.210752,15.7837305
3.5522537,11.239749,12.976603
3.6557655,9.494299,14.126035
1.810729,9.998975,9.870358
0.81123686,9.99568,7.225141
5.4544806,12.848372,15.188596
8.765389,9.125546,14.939234
1.2668039,10.133522,9.29879
4.9957557,11.825089,15.666858
1.9351943,8.340903,10.581717
2.018149,11.850884,9.169146
6.9990206,12.244297,14.393883
-0.08737723,12.037879,9.742166
1.8859411,11.401712,9.72858
5.3565497,13.622413,14.659534
6.733636,14.077449,14.220077
-1.0191002,6.5682983,6.6828914
7.540022,10.803293,14.441675
8.770907,9.1984005,14.9180355
4.8328156,13.373397,14.644629
0.86046535,11.204426,8.962615
5.5740013,12.694828,15.30486
-0.83739424,11.945943,9.838109
2.2466552,11.573793,8.47973
4.837124,11.416824,15.698397
-0.573138,8.235191,8.299247
6.862148,11.2804,14.372756
0.14286488,6.153455,6.4100847
2.036383,11.851415,9.155771
8.183435,8.784329,15.206396
1.7531341,12.241928,11.906134
0.8285207,8.131887,9.851059
7.9699283,8.780272,14.838674
5.9864907,14.622313,13.329573
4.8890724,11.4964695,15.693701
2.613166,12.145278,13.053461
4.526212,9.123313,13.253313
-1.6603419,11.664707,9.488543
8.218601,11.734996,16.283682
3.3861065,9.353155,11.809327
4.4789343,12.125244,15.141251
1.7678095,12.288597,11.811574
3.6574996,9.45647,12.170045
1.3284011,10.524047,9.3572855
1.3073132,12.287716,11.479794
4.7927,14.661059,14.09681
5.781265,10.059128,14.445394
5.4704866,12.373654,15.467834
-0.3186102,5.782678,5.862179
5.8507867,12.326288,15.200902
8.278458,8.653223,15.624757
8.733751,10.848628,15.072847
0.3211433,8.214085,9.318264
0.034024693,9.69337,8.371159
7.796149,10.966032,15.453002
1.1038048,8.064917,10.083006
7.7793846,11.030522,15.423277
7.6050735,13.259282,14.284801
1.2410307,10.182967,9.271317
7.7423234,12.857196,13.826478
5.256539,13.895107,14.546847
7.528622,13.24294,14.249705
1.8758405,12.275544,11.960151
1.7308549,11.226372,8.101221
0.17471695,10.096453,7.305972
4.233472,9.113805,13.008277
8.098126,8.956077,15.557993
-0.8162928,5.99518,5.923883
5.7586665,13.763578,13.908904
-1.1236502,11.658815,9.32473
6.543426,13.930129,13.881956
8.412629,11.489214,14.480506
1.007015,11.052491,7.8164124
7.777972,12.7737255,13.873827
5.14619,12.427763,15.394851
7.367038,13.813958,13.964847
5.6099997,12.130104,15.717444
3.5459118,9.534756,12.076106
6.005977,10.7480345,15.969443
4.7936583,15.102281,13.492092
-0.13833545,5.8611426,6.011826
4.9750614,14.732697,13.5467415
5.863063,13.853604,13.879588
0.35096136,12.102207,10.0861845
1.8752284,12.190189,12.3301115
0.5448357,6.988345,7.2924705
1.861812,11.546975,8.610656
7.773014,10.819885,14.891981
7.667687,9.602612,14.972478
5.1013823,12.0602665,15.459041
1.8170736,11.3748,9.6679945
7.4350204,13.205013,14.501653
6.28024,14.014304,13.808037
1.907909,8.314998,10.56863
0.85030645,11.272432,9.027495
3.7175756,10.145046,12.858945
-0.91395515,6.634103,6.7953696
1.1962575,7.6494656,10.084432
4.7510505,15.061142,13.481031
5.0167327,9.301703,13.6660385
3.6456172,9.547274,12.172736
-0.1862285,8.568273,8.45732
8.097203,9.208513,15.681175
4.373382,13.39304,12.663765
8.588083,9.927772,14.74999
2.2224536,11.560864,8.451427
2.3440876,12.115667,12.535163
3.831974,9.732122,14.364381
2.4271724,11.744141,9.264489
6.2867227,12.727516,14.420921
-1.3893843,11.193015,8.626922
7.8650484,8.589596,14.983789
4.3158226,12.392535,14.779986
1.1279427,7.5693245,9.981015
6.0388513,10.457291,16.045975
7.9952283,10.288648,15.625247
0.48210317,6.9634204,7.290921
6.402362,12.070159,15.445692
7.992528,13.115904,14.714979
8.286738,10.553638,16.08727
2.5095317,8.8117,10.9546175
5.787313,12.598083,15.35575
0.8005493,11.250498,8.960014
1.5302652,9.990904,10.554959
7.317698,10.79758,14.565206
6.787539,13.876324,13.953823
4.6373534,14.888507,13.903072
-0.07851867,12.171508,10.70059
4.707045,13.585433,13.132441
7.0440907,11.149794,14.418381
8.290632,11.524981,16.275446
5.2420955,9.2322,13.81144
6.772166,11.339708,14.368768
3.8004608,9.573119,14.318122
-0.5866988,12.029536,9.821997
8.114916,10.111119,16.401566
4.847569,15.204352,13.584723
4.4782195,9.107206,13.210806
7.297334,13.750824,14.2766905
6.020931,10.43164,16.023458
2.0880327,11.857696,9.201369
5.790481,14.37725,13.825419
0.27386177,10.394354,7.355675
5.125863,14.210272,13.629132
1.3486277,7.7841825,10.286506
-0.18205783,12.134995,10.03437
6.763428,13.854622,13.98124
0.64710146,6.925957,7.279838
8.689507,9.261317,14.927004
8.530191,11.813843,15.110772
1.3096826,10.724404,9.2820015
-0.9023461,7.9906974,7.005734
3.1382756,11.498904,11.782813
6.598311,14.164553,14.168328
1.2738768,12.276801,11.164973
8.572274,9.952119,14.750937
7.48011,13.600619,14.469508
8.190824,11.223145,16.49326
-0.32483068,5.798559,5.8643007
8.17334,12.725699,14.995916
1.7867379,12.247155,11.781507
5.898228,12.116477,15.72284
8.543704,8.78623,15.478589
4.556876,14.948464,13.844321
3.3536549,11.015988,12.129913
2.4312832,12.096762,12.663761
1.0007515,11.034119,7.801193
3.2435653,9.584433,12.014986
0.5573914,12.2262535,11.395845
6.341412,10.804688,15.934093
5.680678,14.718376,13.2901125
8.243457,11.721843,16.280397
4.7483726,11.651515,15.623934
-0.30919245,9.648261,7.0968056
1.2326044,10.153643,9.268636
1.3072207,7.7573843,10.246938
8.254204,8.692578,15.292387
1.2779837,12.298151,11.211504
4.7151723,11.718915,15.572201
7.011422,13.645122,14.047375
7.8687773,8.9297285,14.756294
5.529788,9.253876,13.977059
1.2830625,7.7159715,10.210319
5.4332294,12.042463,15.718776
5.847286,13.87499,13.874228
0.6621043,12.139121,10.359692
8.335218,10.671972,16.008284
-0.46193004,8.233855,8.4277935
7.7436523,9.881375,15.473803
2.0792575,11.81418,9.099949
-1.2420164,11.468711,9.016718
7.772015,12.708062,13.882672
0.9188582,10.359144,7.4807396
8.433031,11.531782,14.479122
0.340474,9.175325,8.393578
3.6058466,10.341563,12.782192
1.4103903,7.807902,10.3363085
7.275502,14.011501,13.800461
0.48520496,7.126388,7.3931637
-1.115956,11.654875,9.32373
0.9457546,7.1382008,7.5891385
0.47136784,8.142849,9.492516
5.093632,13.565681,14.687162
8.792309,8.810223,15.03629
8.395795,9.276377,16.050373
7.703193,12.447734,14.840653
