HR_Mean,QRS_Mean,QR_Mean,RS_Mean,PR_Mean,TR_Mean,PP_Mean,QQ_Mean,SS_Mean,TT_Mean,HRV_MeanNN,HRV_SDNN,HRV_SDANN1,HRV_SDNNI1,HRV_SDANN2,HRV_SDNNI2,HRV_SDANN5,HRV_SDNNI5,HRV_RMSSD,HRV_SDSD,HRV_CVNN,HRV_CVSD,HRV_MedianNN,HRV_MadNN,HRV_MCVNN,HRV_IQRNN,HRV_Prc20NN,HRV_Prc80NN,HRV_pNN50,HRV_pNN20,HRV_MinNN,HRV_MaxNN,HRV_HTI,HRV_TINN,VLF_Peak,VLF_Rel,LF_Peak,LF_Rel,HF_Peak,HF_Rel,LF_Norm,HF_Norm,fft_ratio,fft_total
73.7197610362972,0.0636111111111113,0.02719444444444449,0.0636111111111113,0.12258333333333324,0.1623333333333336,0.8143428571428573,0.8144,0.8138857142857144,0.8142857142857144,814.4285714285714,59.27269270785946,,,,,,,27.324843253411892,27.68166378316017,0.0727782580170174,0.03355093891841488,820.0,40.0302,0.04881731707317073,51.0,790.6,856.2,5.714285714285714,42.857142857142854,678.0,928.0,7.0,148.4375,0.0390625,9.664955995205592,0.1494140625,27.093314893283825,0.3994140625,63.24172911151058,29.99203154408812,70.00796845591188,0.4284088255321373,19.540189283801652
70.00371462198154,0.06391176470588202,0.02782352941176461,0.06391176470588202,0.1243235294117647,0.17038235294117646,0.8576363636363636,0.8575757575757575,0.8575757575757575,0.8578484848484849,857.5454545454545,29.91455635335717,,,,,,,19.412463779747277,19.586424487219418,0.034883930868963096,0.02263724176584544,864.0,25.2042,0.02917152777777778,43.0,829.0,880.6,3.0303030303030303,24.242424242424242,779.0,916.0,6.6,101.5625,0.0390625,9.657960514163639,0.1494140625,27.077437948445077,0.3994140625,63.26460153739127,29.97213490258898,70.02786509741102,0.4280029793982264,20.207089455518194
72.26186252112629,0.06342857142857138,0.027771428571428527,0.06342857142857138,0.12451428571428565,0.17759999999999967,0.8301764705882353,0.8301176470588234,0.8301176470588235,0.8300882352941176,830.1176470588235,34.21214094784619,,,,,,,17.8300053535912,18.106429880854567,0.041213605166764825,0.021478889669150396,835.5,34.8411,0.04170089766606822,51.25,795.6,855.8,2.941176470588235,20.588235294117645,769.0,894.0,8.5,93.75,0.0390625,9.664737408434194,0.1494140625,27.092818807324043,0.3994140625,63.242443784241765,29.991409810606537,70.00859018939346,0.4283961400946813,19.274011430098035
75.96150499159249,0.062459459459459576,0.026513513513513477,0.062459459459459576,0.12337837837837813,0.17432432432432435,0.79025,0.7902222222222223,0.7907222222222221,0.79025,790.1666666666666,47.71193321831103,,,,,,,24.664607378647997,25.007494674916288,0.06038211333260202,0.031214436674095757,786.0,47.4432,0.060360305343511444,65.0,757.0,825.0,5.555555555555555,38.88888888888889,700.0,893.0,9.0,78.125,0.0390625,9.641671742287498,0.1494140625,27.040464377623735,0.3994140625,63.31786388008878,29.92581303684722,70.07418696315278,0.4270590117953585,18.691866245785242
72.0446274250121,0.06202857142857136,0.027428571428571125,0.06202857142857136,0.12414285714285699,0.16122857142857164,0.8330000000000001,0.8330000000000001,0.8330588235294119,0.8330294117647059,833.0588235294117,27.77391535832769,,,,,,,21.513209472744457,21.806657309874502,0.03333968091311755,0.025824358214705252,834.5,31.875899999999998,0.038197603355302576,42.5,810.8,857.2,0.0,38.23529411764706,782.0,876.0,6.8,85.9375,0.0390625,9.66292708871552,0.1494140625,27.088710212974703,0.3994140625,63.248362698309776,29.986260723299242,70.01373927670075,0.4282910901928945,19.89414662852505
73.73773118515673,0.06130555555555566,0.02763888888888896,0.06130555555555566,0.1244166666666669,0.16166666666666665,0.8138857142857143,0.8139142857142857,0.8139142857142858,0.8142,813.9142857142857,32.8788967080633,,,,,,,22.0820661863609,22.41364891654214,0.04039601870264386,0.02713070230359924,812.0,31.1346,0.03834310344827586,44.0,791.0,840.2,0.0,28.57142857142857,742.0,890.0,7.0,78.125,0.0390625,9.67277972875064,0.1494140625,27.111070161450822,0.3994140625,63.216150109798534,30.014285926254857,69.98571407374514,0.42886303759976346,19.487491791445663
77.38152732257453,0.06728947368421051,0.02639473684210541,0.06728947368421051,0.1223947368421053,0.16457894736842094,0.7750000000000001,0.7750270270270271,0.7750270270270271,0.775054054054054,775.027027027027,39.16807549699293,,,,,,,21.215822187959418,21.3163622972425,0.050537689823850554,0.027374299796153526,773.0,42.9954,0.05562147477360931,57.0,740.4,802.8,2.7027027027027026,27.027027027027028,724.0,877.0,7.4,23.4375,0.0390625,9.646427296593192,0.1494140625,27.05125955873095,0.3994140625,63.30231314467587,29.939335821870575,70.06066417812943,0.4273344561186251,17.86812477912443
97.11494007792368,0.07437500000000007,0.028604166666666504,0.07437500000000007,0.1680416666666665,0.14966666666666664,0.617,0.6180425531914894,0.6180851063829788,0.6181489361702128,618.0425531914893,57.42706430837842,,,,,,,20.678175850924063,20.88724040159932,0.09291765431333605,0.033457527712525165,594.0,45.9606,0.07737474747474747,72.5,572.2,660.0,0.0,34.04255319148936,532.0,748.0,6.714285714285714,62.5,0.0390625,9.667037106545367,0.1494140625,27.09803794557617,0.3994140625,63.234924947878454,29.99795099994406,70.00204900005593,0.4285296134677442,15.581945005478799
95.28832570808436,0.07410638297872318,0.02623404255319147,0.07410638297872318,0.17495744680851072,0.14758695652173906,0.6305434782608696,0.6304565217391305,0.6305434782608696,0.6278888888888888,630.4782608695652,76.72743653288707,,,,,,,19.733220720399395,19.35116732312748,0.12169719607312617,0.03129881225909841,612.0,84.5082,0.13808529411764706,125.75,558.0,696.0,2.1739130434782608,28.26086956521739,533.0,792.0,11.5,0.0,0.0390625,9.644378133878917,0.1494140625,27.046607991139247,0.3994140625,63.30901387498184,29.933508765192173,70.06649123480783,0.4272157523184452,14.967133014365343
87.59971056730713,0.07476744186046536,0.028749999999999862,0.07476744186046536,0.17949999999999974,0.14374418604651185,0.6854651162790698,0.6835348837209303,0.6855238095238095,0.6855476190476191,684.1162790697674,44.61273003373727,,,,,,,26.08593855846844,26.312912001127774,0.0652122035370943,0.03813085488031216,682.0,47.4432,0.06956480938416422,58.5,646.0,718.0,4.651162790697675,37.2093023255814,600.0,772.0,6.142857142857143,85.9375,0.0390625,9.676147205211148,0.1494140625,27.118711852739047,0.3994140625,63.205140942049795,30.023865251132907,69.9761347488671,0.4290586406191718,16.53297532820681
85.82119671529216,0.07499999999999983,0.028857142857142786,0.07499999999999983,0.18150000000000036,0.14409523809523783,0.6991951219512195,0.6991951219512195,0.6991951219512196,0.6994146341463414,699.2439024390244,29.397942519677187,,,,,,,19.489740891043166,19.728672353215075,0.04204247247224405,0.02787259327262094,704.0,29.651999999999997,0.04211931818181818,38.0,679.0,726.0,0.0,29.268292682926827,623.0,739.0,6.833333333333333,109.375,0.0390625,9.655524526831591,0.1494140625,27.071908947413714,0.3994140625,63.27256652575469,29.96520684372544,70.03479315627456,0.42786171691635533,16.92334924343378
88.34777294417391,0.07490697674418607,0.029395348837209265,0.07490697674418607,0.1714651162790697,0.14634883720930245,0.6792619047619048,0.6792619047619047,0.6793095238095238,0.6793095238095239,679.3095238095239,51.1194145235558,,,,,,,23.75073811433257,23.972443529613077,0.0752520209592844,0.03496305775479191,683.0,54.1149,0.0792311859443631,71.0,634.4,725.0,4.761904761904762,42.857142857142854,584.0,773.0,7.0,109.375,0.0390625,9.661069369030999,0.1494140625,27.084493956700083,0.3994140625,63.25443667426892,29.98097693600025,70.01902306399975,0.42818330825033973,16.13830202909373
91.88115217134636,0.07437777777777778,0.02967391304347844,0.07437777777777778,0.17408695652173928,0.1475999999999999,0.6531111111111112,0.6507555555555555,0.6542727272727272,0.654659090909091,650.9555555555555,43.169831403821156,,,,,,,25.730685607231337,25.58940509814473,0.06631763264848094,0.039527561271478176,649.0,47.4432,0.07310200308166409,57.0,615.2,687.8000000000001,2.2222222222222223,35.55555555555556,500.0,733.0,9.0,164.0625,0.0390625,9.665905525541168,0.1494140625,27.09546985249781,0.3994140625,63.238624621961016,29.99473234345513,70.00526765654487,0.42846393346588235,15.797663312430199
84.4831662594629,0.07457142857142865,0.028404761904761804,0.07457142857142865,0.1818571428571428,0.1469761904761905,0.7105609756097561,0.7106829268292683,0.7106829268292684,0.7089756097560976,710.390243902439,55.75521412781969,,,,,,,26.771720153923617,27.105385499507715,0.07848533197969537,0.03768593443352566,707.0,63.751799999999996,0.09017227722772277,84.0,659.0,770.0,4.878048780487805,34.146341463414636,613.0,817.0,10.25,62.5,0.0390625,9.64512119767602,0.1494140625,27.04829474555585,0.3994140625,63.30658405676812,29.93562174404705,70.06437825595296,0.427258793829425,17.526979510880437
79.33954702681237,0.07407692307692329,0.02702499999999982,0.07407692307692329,0.18442499999999976,0.1494615384615387,0.7570769230769232,0.7570769230769232,0.7551842105263159,0.7551842105263159,757.1282051282051,58.85315333285017,,,,,,,32.16118942550412,32.58494752367894,0.07773208412290561,0.042477864657093634,783.0,48.925799999999995,0.062485057471264364,100.0,692.6,807.4,12.82051282051282,41.02564102564102,640.0,839.0,7.8,187.5,0.0390625,9.683286267911823,0.1494140625,27.134911241336727,0.3994140625,63.18180249075145,30.044174682693416,69.95582531730658,0.42947352198932176,18.738883367066894
75.01447693439384,0.07424324324324334,0.026810810810810652,0.07424324324324334,0.18527027027027013,0.147621621621622,0.8001111111111112,0.8002222222222222,0.8001111111111111,0.8000277777777778,800.1111111111111,57.66889618591279,,,,,,,36.50479420569304,37.03772775577525,0.07207610966160466,0.04562465599933861,793.0,48.925799999999995,0.06169709962168978,68.75,764.0,848.0,16.666666666666664,52.77777777777778,688.0,911.0,9.0,85.9375,0.0390625,9.667450433106959,0.1494140625,27.098975971032225,0.3994140625,63.23357359586082,29.999126672456974,70.00087332754303,0.42855360578270535,19.380715651952514
81.88407243423877,0.07343902439024372,0.026609756097560732,0.07343902439024372,0.17475609756097552,0.148951219512195,0.7328,0.732825,0.73285,0.733025,732.85,42.12712750467176,,,,,,,29.02783809751227,29.360273176958707,0.057483970123042585,0.03960952186329026,728.0,51.149699999999996,0.07026057692307691,64.25,690.2,767.6,5.0,52.5,665.0,811.0,10.0,54.6875,0.0390625,9.666567364768568,0.1494140625,27.096971883064136,0.3994140625,63.236460752167304,29.996614866261485,70.00338513373852,0.4285023475501108,18.60636617575591
77.74594561088213,0.07402564102564106,0.02712820512820518,0.07402564102564106,0.17184615384615412,0.15556410256410266,0.7715263157894736,0.7717105263157894,0.7716578947368422,0.771842105263158,771.7105263157895,60.288902611458134,,,,,,,26.334644738699506,26.573372840950096,0.0781237271691529,0.034125029840429026,798.0,44.477999999999994,0.055736842105263154,112.5,692.0,823.6,5.263157894736842,31.57894736842105,662.0,846.0,7.6,148.4375,0.0390625,9.694186246110954,0.1494140625,27.159641791921985,0.3994140625,63.14617196196707,30.075186372762566,69.92481362723743,0.43010749421643857,19.404621107724843
81.10014724799414,0.07285000000000011,0.026350000000000085,0.07285000000000011,0.18232500000000004,0.14877499999999977,0.7404871794871795,0.7404615384615385,0.7404615384615385,0.7406666666666667,740.4871794871794,46.79511433948937,,,,,,,26.5280387911595,26.860791755133725,0.06319503650542213,0.03582511558070641,750.0,50.4084,0.0672112,78.0,693.2,780.0,2.564102564102564,48.717948717948715,653.0,829.0,9.75,39.0625,0.0390625,9.654927601258937,0.1494140625,27.07055407353638,0.3994140625,63.274518325204674,29.963509192908237,70.03649080709177,0.42782710623579945,18.28159643900741
83.51753087605546,0.07253658536585385,0.027073170731707594,0.07253658536585385,0.15736585365853673,0.1479999999999999,0.718125,0.71815,0.718225,0.7183249999999999,718.15,56.455814353873016,,,,,,,18.04978869114184,18.173143863810047,0.07861284460610321,0.025133730684594915,709.5,60.7866,0.0856752642706131,76.25,663.2,768.8,0.0,25.0,639.0,842.0,10.0,31.25,0.0390625,9.628454346667176,0.1494140625,27.010458053541676,0.3994140625,63.361087599791155,29.888232914765414,70.11176708523459,0.42629410379045807,16.962601770930927
92.31225452434472,0.06435555555555551,0.04131111111111086,0.06435555555555551,0.09599999999999988,0.24195555555555567,0.6513095238095238,0.6499999999999999,0.6507045454545455,0.6507045454545455,650.75,91.33381782817231,,,,,,,31.91558633587656,32.289869292314094,0.14035162171059903,0.049044312463890224,611.0,37.8063,0.061876104746317516,77.25,586.2,757.0,6.8181818181818175,36.36363636363637,557.0,859.0,7.333333333333333,62.5,0.0390625,9.690206000279328,0.1494140625,27.150611566185233,0.3994140625,63.15918243353544,30.06386169618459,69.93613830381541,0.42987591859278335,15.31051750656419
110.60655321195557,0.06824074074074066,0.046407407407407515,0.06824074074074066,0.08903703703703734,0.20875555555555517,0.5426792452830189,0.5429245283018869,0.542622641509434,0.5371904761904761,542.6037735849056,16.18800555805904,,,,,,,7.515368868576528,7.4763326924303914,0.029833934716500768,0.013850565061358787,541.0,16.3086,0.0301452865064695,21.0,528.4,553.6,0.0,0.0,517.0,588.0,4.818181818181818,54.6875,0.0390625,9.177688598899685,0.1494140625,26.030323345183028,0.3994140625,64.79198805591729,28.66071446940478,71.33928553059522,0.4017521938471487,14.329737036095075
112.4681105954049,0.06671428571428592,0.04494642857142868,0.06671428571428592,0.08899999999999982,0.20925454545454553,0.5337272727272727,0.5337999999999999,0.5337818181818182,0.5326666666666667,533.7818181818182,29.096703968287922,,,,,,,9.439868172337532,9.416297927883688,0.05451048158102854,0.017684881445553656,528.0,32.6172,0.061775,53.0,505.8,561.0,0.0,0.0,500.0,597.0,3.6666666666666665,0.0,0.0390625,9.114985580566156,0.1494140625,25.89004245397652,0.3994140625,64.99497196545732,28.486591127657324,71.51340887234268,0.3983391587234813,14.37571320160502
96.26018693415702,0.06335416666666666,0.0404166666666667,0.06335416666666666,0.09429166666666651,0.2135625000000002,0.6235957446808511,0.6235531914893617,0.6235744680851063,0.6237021276595746,623.5744680851063,29.365570405738655,,,,,,,17.435595774162696,17.50676887725828,0.04709232322470714,0.0279607274937098,623.0,23.7216,0.03807640449438202,29.0,603.0,644.2,0.0,34.04255319148936,555.0,691.0,5.875,109.375,0.0390625,9.671886458965828,0.1494140625,27.10904304607387,0.3994140625,63.219070494960306,30.01174494113485,69.98825505886515,0.4288111614712043,15.153646894635505
90.04577371387465,0.06404444444444422,0.04206666666666666,0.06404444444444422,0.11417777777777785,0.22111111111111134,0.6682954545454546,0.6663636363636364,0.6663636363636364,0.6665,666.3636363636364,25.074856218457594,,,,,,,18.138357147217054,18.350470194729706,0.03762938859522968,0.027219908406464884,669.0,28.1694,0.0421067264573991,32.5,644.6,688.4,2.272727272727273,27.27272727272727,616.0,721.0,5.5,62.5,0.0390625,9.67441821344444,0.1494140625,27.114788352964748,0.3994140625,63.210793433590815,30.01894681070366,69.98105318929633,0.42895820286533043,16.61967344411893
96.12149677997819,0.06527083333333339,0.04324999999999992,0.06527083333333339,0.09160869565217376,0.22243749999999998,0.6233863636363636,0.6242765957446808,0.6242978723404256,0.6243404255319149,624.2978723404256,22.478893379091556,,,,,,,19.60922586769898,19.82469060257745,0.03600667946347567,0.03141004756941763,622.0,20.7564,0.03337041800643087,27.0,604.4,636.8,0.0,31.914893617021278,590.0,694.0,4.7,54.6875,0.0390625,9.676184815591506,0.1494140625,27.118797198874194,0.3994140625,63.2050179855343,30.023972241991157,69.97602775800885,0.4290608255990191,15.59968574458887
91.89367129002083,0.06397826086956496,0.041826086956521416,0.06397826086956496,0.10730434782608678,0.21941304347826102,0.6533777777777777,0.6534000000000001,0.6533555555555556,0.6533777777777778,653.3777777777777,47.809892894524026,,,,,,,22.459559616827267,22.518714321972016,0.07317342970728458,0.03437453856054782,643.0,35.5824,0.05533810264385692,48.0,619.0,676.8,2.2222222222222223,37.77777777777778,592.0,790.0,5.0,31.25,0.0390625,9.655751212559224,0.1494140625,27.072423465870177,0.3994140625,63.27182532157061,29.965851539222335,70.03414846077767,0.4278748610187583,15.899097000038944
66.38452784564048,0.09506060606060589,0.06733333333333283,0.09506060606060589,0.16134374999999973,0.0804242424242426,0.902483870967742,0.90246875,0.903875,0.904,903.9375,42.36396635303746,,,,,,,33.51359858807437,33.98567060470653,0.04686603482324548,0.03707512807918067,894.5,38.547599999999996,0.04309401900503074,59.75,872.2,940.4,9.375,59.375,834.0,994.0,8.0,78.125,0.0390625,9.772198914759258,0.1494140625,27.325650643080497,0.3994140625,62.902150442160256,30.285178530800263,69.71482146919973,0.43441520601441064,17.716464693490927
65.06535747825845,0.09596874999999962,0.0691249999999996,0.09596874999999962,0.16074999999999995,0.07512500000000003,0.9219677419354839,0.9228064516129033,0.9220000000000002,0.9220645161290323,922.0,46.616163148275795,,,,,,,37.89239149662282,38.473173218117374,0.05055982987882408,0.041098038499590914,921.0,65.2344,0.07082996742671009,83.5,875.0,971.0,16.129032258064516,51.61290322580645,841.0,1004.0,7.75,39.0625,0.0390625,9.772198914759258,0.1494140625,27.325650643080486,0.3994140625,62.902150442160256,30.285178530800252,69.71482146919975,0.43441520601441047,17.184602502302365
63.4150475113131,0.09465625000000008,0.06771875000000024,0.09465625000000008,0.1619375,0.09483870967741917,0.9460967741935484,0.9439032258064516,0.9460322580645162,0.9468333333333334,946.0322580645161,30.89820261327804,,,,,,,28.628074798467765,29.114143183912045,0.03266083407820845,0.030261203626436414,949.0,20.7564,0.021871865121180188,34.0,926.0,963.0,9.67741935483871,51.61290322580645,878.0,1008.9999999999999,6.2,93.75,0.0390625,9.772198914759258,0.1494140625,27.32565064308049,0.3994140625,62.90215044216024,30.28517853080026,69.71482146919972,0.43441520601441064,18.56705373864778
62.971971658452645,0.09406451612903277,0.06709677419354854,0.09406451612903277,0.16406451612903208,0.06870967741935506,0.9532666666666667,0.9554666666666667,0.9532666666666666,0.9533000000000001,953.2666666666667,40.279997032268255,,,,,,,34.90430266926395,35.47339945600812,0.0422547000128697,0.03661546541988665,956.5,41.5128,0.043400731834814424,55.25,926.0,991.6,20.0,56.666666666666664,871.0,1012.0,7.5,85.9375,0.0390625,9.772198914759258,0.1494140625,27.32565064308049,0.3994140625,62.90215044216024,30.285178530800255,69.71482146919973,0.4344152060144105,18.239654011571762
63.18770598541845,0.07931249999999981,0.051625000000000386,0.07931249999999981,0.16718750000000043,0.09981249999999962,0.9499032258064516,0.9498387096774193,0.9499354838709677,0.9499032258064516,949.9354838709677,37.82762260912077,,,,,,,35.89057443582275,36.50406999824515,0.03982125444453763,0.03778211788612148,954.0,41.5128,0.04351446540880503,51.0,926.0,982.0,19.35483870967742,51.61290322580645,845.0,1014.0,5.166666666666667,140.625,0.0390625,9.77219891475926,0.1494140625,27.325650643080497,0.3994140625,62.902150442160256,30.285178530800255,69.71482146919973,0.43441520601441064,18.687928610458933
62.20834960348533,0.08693548387096754,0.060225806451612934,0.08693548387096754,0.16541935483870956,0.08138709677419327,0.9654333333333335,0.9660333333333334,0.9652666666666666,0.9652000000000001,965.2333333333333,42.58596444623618,,,,,,,29.059985523408123,29.3654147971197,0.044119865089169645,0.030106694951211925,955.5,32.6172,0.03413626373626373,45.75,933.8,985.0,10.0,50.0,898.0,1078.0,5.0,39.0625,0.0390625,9.772198914759258,0.1494140625,27.325650643080497,0.3994140625,62.902150442160256,30.28517853080026,69.71482146919973,0.4344152060144106,18.152240511351295
57.75381369074347,0.10431034482758604,0.07644827586206882,0.10431034482758604,0.16510344827586224,0.1934137931034484,1.0386785714285716,1.03825,1.038857142857143,1.0389642857142858,1038.857142857143,56.38736021072801,,,,,,,56.97432820204266,58.04375007765197,0.054278262029028614,0.05484327522198826,1041.0,51.89100000000017,0.04984726224783878,68.25000000000011,1009.8,1086.6,21.428571428571427,53.57142857142857,886.0,1101.0,5.6,203.125,0.0390625,9.772198914759258,0.1494140625,27.32565064308049,0.3994140625,62.90215044216024,30.285178530800263,69.71482146919973,0.4344152060144105,19.579346206346464
68.71416347249527,0.054088235294117354,0.02964705882352933,0.054088235294117354,0.17494117647058843,0.18485294117647055,0.8734848484848485,0.8732121212121212,0.8732121212121212,0.8675454545454546,873.2424242424242,27.9698836954928,,,,,,,28.22288521749681,28.64491665199953,0.03202991851862659,0.03231964507677394,877.0,23.7216,0.027048574686431015,28.0,851.4,893.6,15.151515151515152,42.42424242424242,815.0,929.0,4.714285714285714,85.9375,0.0390625,9.662131461447029,0.1494140625,27.086904478328073,0.3994140625,63.2509640602249,29.98399775922137,70.01600224077862,0.42824492686842003,20.369988618832174
65.05027413873754,0.05421874999999979,0.03006249999999991,0.05421874999999979,0.1797187500000002,0.20293749999999988,0.9225483870967743,0.9227741935483872,0.9228064516129032,0.9226451612903226,922.7096774193549,33.9737090001343,,,,,,,34.226208281568866,34.718324685467145,0.036819500035105694,0.03709314979473622,921.0,28.1694,0.030585667752442997,36.5,902.0,941.0,9.67741935483871,38.70967741935484,856.0,993.0,4.428571428571429,62.5,0.0390625,9.77219891475926,0.1494140625,27.325650643080497,0.3994140625,62.902150442160256,30.285178530800263,69.71482146919975,0.43441520601441064,17.64023697438811
64.13268707029462,0.054225806451613026,0.02883870967741938,0.054225806451613026,0.1805161290322579,0.191483870967742,0.9357333333333333,0.9358666666666665,0.9359,0.9294333333333334,935.7666666666667,30.99130393417207,,,,,,,28.444743772371393,28.903184749607604,0.03311862351815489,0.030397261182315456,939.5,32.6172,0.034717615753060135,42.5,908.2,954.4,10.0,33.33333333333333,891.0,1012.9999999999999,6.0,0.0,0.0390625,9.772198914759258,0.1494140625,27.325650643080486,0.3994140625,62.90215044216024,30.285178530800255,69.71482146919975,0.43441520601441047,17.542159895538845
64.84652548912806,0.05456250000000031,0.030375000000000048,0.05456250000000031,0.17890625000000002,0.23881250000000015,0.9250322580645162,0.9247419354838711,0.9247741935483871,0.9184193548387097,924.7096774193549,34.926774398625376,,,,,,,32.80599538702238,33.183588936590986,0.03777052976897323,0.035477075873777075,928.0,29.651999999999997,0.03195258620689655,37.5,903.0,952.0,9.67741935483871,64.51612903225806,858.0,1014.0,4.428571428571429,54.6875,0.0390625,9.772198914759258,0.1494140625,27.32565064308049,0.3994140625,62.90215044216024,30.28517853080026,69.71482146919973,0.4344152060144106,16.69974375499005
62.52385222782326,0.05438709677419388,0.030419354838709743,0.05438709677419388,0.18048387096774188,0.22667741935483904,0.9603,0.9601000000000001,0.9601000000000001,0.9603999999999999,960.0666666666667,33.13081005216508,,,,,,,28.976209028359303,29.351781778898154,0.034508864022114866,0.030181455136823104,966.5,36.323699999999995,0.037582721158820484,45.5,922.6,987.6,3.3333333333333335,56.666666666666664,899.0,1018.9999999999999,7.5,46.875,0.0390625,9.772198914759258,0.1494140625,27.32565064308049,0.3994140625,62.90215044216024,30.28517853080026,69.71482146919973,0.43441520601441064,18.330103635350277
64.05944230154225,0.05434375000000002,0.03050000000000005,0.05434375000000002,0.17865625000000013,0.24149999999999988,0.9363870967741935,0.9363548387096773,0.9363225806451613,0.9363225806451613,936.3870967741935,24.843077398415357,,,,,,,24.25146043712282,24.45930234623154,0.02653077715829117,0.025898969048877202,938.0,22.238999999999997,0.023708955223880595,27.5,919.0,959.0,6.451612903225806,38.70967741935484,866.0,978.0,6.2,109.375,0.0390625,9.772198914759256,0.1494140625,27.32565064308049,0.3994140625,62.90215044216024,30.28517853080026,69.71482146919975,0.4344152060144105,18.314783801271865
98.21764948348505,0.058183673469387846,0.029693877551020563,0.058183673469387846,0.10791836734693874,0.22489583333333318,0.6108750000000001,0.6108541666666666,0.6108333333333333,0.6106170212765958,610.8333333333334,19.735844195252724,,,,,,,12.869227687650714,12.985297314500578,0.032309704003142245,0.02106831272193841,607.0,17.049899999999997,0.028088797364085663,22.5,593.4,624.0,0.0,10.416666666666668,575.0,667.0,4.363636363636363,54.6875,0.0390625,9.165009724935054,0.1494140625,26.0019925088746,0.3994140625,64.83299776619035,28.625524624526093,71.3744753754739,0.4010610862488042,16.219088668839593
94.54898108184791,0.05761702127659568,0.028191489361702283,0.05761702127659568,0.10897872340425532,0.22425531914893632,0.6347173913043479,0.6347826086956522,0.6347826086956523,0.6346956521739131,634.7826086956521,21.553976733853045,,,,,,,14.463747785411636,14.49287529593194,0.033954894854700005,0.022785356100306003,637.0,17.7912,0.02792967032967033,28.75,613.0,649.0,0.0,17.391304347826086,597.0,693.0,5.111111111111111,54.6875,0.0390625,9.66432391623178,0.1494140625,27.091880377239953,0.3994140625,63.24379570652826,29.99023370580375,70.00976629419625,0.4283721442488219,15.565863422954159
82.53614596723297,0.07080487804878076,0.04424390243902451,0.07080487804878076,0.10919512195121953,0.21407317073170742,0.7268749999999999,0.725825,0.7267250000000001,0.72705,726.8,46.04189842150745,,,,,,,29.504019717441544,29.819180668866192,0.06334878704114949,0.040594413480244285,722.5,48.925799999999995,0.06771737024221453,63.75,694.2,767.8000000000001,2.5,27.500000000000004,630.0,825.0,8.0,85.9375,0.0390625,9.650021927120687,0.1494140625,27.059419079915408,0.3994140625,63.290558992963895,29.949557993349355,70.05044200665066,0.4275427411365358,18.018187013558556
85.28348358297704,0.06752380952380944,0.03990476190476185,0.06752380952380944,0.10959523809523777,0.22816666666666668,0.7034634146341464,0.7045609756097561,0.7036097560975609,0.7026585365853659,703.5365853658536,31.686824991607796,,,,,,,23.590252224170897,23.89072344376927,0.04503934216175835,0.03353095306607755,702.0,29.651999999999997,0.04223931623931623,39.0,679.0,733.0,0.0,41.46341463414634,636.0,763.0,6.833333333333333,85.9375,0.0390625,9.656924272084467,0.1494140625,27.075085990191432,0.3994140625,63.26798973772411,29.969187756827026,70.03081224317296,0.4279428839517509,16.637605157165304
86.54772878245335,0.06148837209302331,0.03420930232558122,0.06148837209302331,0.10920930232558156,0.23276744186046505,0.6931904761904762,0.6931904761904761,0.6931428571428572,0.6932380952380953,693.1904761904761,23.048451718000067,,,,,,,18.09797185780367,18.3154606155831,0.03324981013107106,0.02610822346732686,694.5,25.9455,0.0373585313174946,31.75,670.2,713.6,0.0,21.428571428571427,655.0,737.0,7.0,78.125,0.0390625,9.658998476250186,0.1494140625,27.07979378422501,0.3994140625,63.261207739524814,29.9750869787579,70.0249130212421,0.42806318045214764,16.915162478283023
86.27571891323367,0.06188372093023212,0.03416279069767414,0.06188372093023212,0.10883720930232553,0.23353488372093043,0.695595238095238,0.6955476190476191,0.6955714285714286,0.695595238095238,695.547619047619,33.69388913326134,,,,,,,24.110517895116473,24.3735912663586,0.04844224638335591,0.03466407940283065,697.0,39.2889,0.05636857962697274,52.0,664.6,724.8,4.761904761904762,30.952380952380953,623.0,751.0,8.4,125.0,0.0390625,9.682934771938067,0.1494140625,27.134113688136587,0.3994140625,63.182951539925334,30.043174697516516,69.9568253024835,0.42945308863880044,17.26685136801634
87.68724048732005,0.05734883720930223,0.028999999999999884,0.05734883720930223,0.11011627906976725,0.2135581395348838,0.6843333333333332,0.6842619047619047,0.6843809523809524,0.6842142857142858,684.2619047619048,25.089167348371905,,,,,,,20.076074827709846,20.311056702944924,0.036666029737695116,0.02933975234920538,686.5,22.9803,0.033474581209031316,31.75,661.0,706.8000000000001,0.0,26.190476190476193,630.0,730.0,7.0,70.3125,0.0390625,9.654250547535415,0.1494140625,27.069017318119066,0.3994140625,63.27673213434552,29.961583674018254,70.03841632598174,0.4277878519492392,16.243153904360923
99.05944839535161,0.05553061224489788,0.02761224489795897,0.05553061224489788,0.11485714285714277,0.20495833333333344,0.6038541666666667,0.6050833333333333,0.60525,0.606531914893617,604.9166666666666,22.633841480001667,,,,,,,22.322586596100944,22.50147492339179,0.03741646201405428,0.03690192025805364,604.5,22.9803,0.03801538461538462,29.25,584.8,623.0,2.083333333333333,16.666666666666664,534.0,660.0,4.8,85.9375,0.0390625,9.139416202459403,0.1494140625,25.944828218804773,0.3994140625,64.91575557873583,28.554547125314688,71.4454528746853,0.399669201837087,15.607199925291631
89.92489792260994,0.055681818181818166,0.02847727272727284,0.055681818181818166,0.11752272727272754,0.20936363636363603,0.6675116279069767,0.6675116279069767,0.6675116279069768,0.6676279069767441,667.5116279069767,19.705416336660015,,,,,,,18.14623140725683,18.366130520345326,0.02952070872300389,0.027184891840993753,669.0,23.7216,0.03545829596412556,31.5,649.0,686.6,0.0,27.906976744186046,619.0,702.0,5.375,70.3125,0.0390625,9.669094962185,0.1494140625,27.102708109687807,0.3994140625,63.228196928127204,30.003804454679013,69.996195545321,0.4286490747236714,16.249525598450028
90.61543059282843,0.05591111111111107,0.02891111111111127,0.05591111111111107,0.1185333333333336,0.208090909090909,0.6620681818181818,0.6620227272727273,0.6620227272727273,0.6625116279069768,662.0227272727273,16.5774975477949,,,,,,,17.97155374991396,18.146139865728415,0.02504067740406384,0.027146430189715205,665.0,17.049899999999997,0.02563894736842105,21.25,646.4,672.4,0.0,27.27272727272727,631.0,696.0,3.6666666666666665,46.875,0.0390625,9.667644381531431,0.1494140625,27.09941612646376,0.3994140625,63.23293949200482,29.99967834440404,70.00032165559597,0.4285648642016748,15.958769642041698
92.22569368301012,0.05549999999999996,0.028260869565217145,0.05549999999999996,0.11680434782608691,0.2075000000000001,0.6508444444444446,0.6508444444444444,0.6508444444444444,0.6502222222222223,650.8444444444444,26.38952577647182,,,,,,,20.734797278532003,20.9144411299974,0.04054659450769025,0.03185829956070541,647.0,22.238999999999997,0.03437248840803709,30.0,631.2,667.8000000000001,2.2222222222222223,31.11111111111111,600.0,727.0,4.5,39.0625,0.0390625,9.662753969456285,0.1494140625,27.088317307427907,0.3994140625,63.24892872311582,29.9857683266868,70.01423167331319,0.4282810452966272,15.875610264521892
85.88908916253249,0.05572093023255815,0.02900000000000018,0.05572093023255815,0.11909302325581442,0.21027906976744165,0.6984285714285715,0.698452380952381,0.6984285714285715,0.6977619047619047,698.4761904761905,21.590691417026758,,,,,,,21.542923686807455,21.809653266610088,0.03091113442579506,0.030842745938298104,696.5,18.5325,0.026608040201005025,23.0,684.0,714.8,0.0,33.33333333333333,659.0,751.0,4.666666666666667,62.5,0.0390625,9.65974107406831,0.1494140625,27.081479223061518,0.3994140625,63.258779702870186,29.977199030683675,70.02280096931634,0.4281062541873974,17.211327362865614
86.76089376857593,0.05539534883720922,0.027581395348837197,0.05539534883720922,0.11806976744186039,0.21369767441860466,0.6916666666666667,0.6916190476190477,0.6916428571428572,0.6915714285714286,691.5952380952381,27.276416619498693,,,,,,,19.756443839181475,19.99746935209065,0.03943985602709213,0.02856648332859235,691.0,27.428099999999997,0.03969334298118668,35.0,665.2,714.8,0.0,21.428571428571427,633.0,757.0,7.0,78.125,0.0390625,9.672501317043647,0.1494140625,27.11043835834773,0.3994140625,63.21706032460863,30.01349395658968,69.98650604341033,0.42884686853739057,16.89649876416618
89.92625625135076,0.055795454545454606,0.028727272727272733,0.055795454545454606,0.11725000000000028,0.2128181818181819,0.6670697674418604,0.6670697674418605,0.667093023255814,0.6670232558139535,667.1627906976744,17.27636733277729,,,,,,,15.498847883448812,15.66402849262878,0.02589528009305018,0.023230983651293186,665.0,13.343399999999999,0.020065263157894735,17.0,654.0,680.2,0.0,18.6046511627907,632.0,709.0,3.909090909090909,54.6875,0.0390625,9.656642496064343,0.1494140625,27.07444643873538,0.3994140625,63.268911065200285,29.968386372574123,70.03161362742587,0.4279265437464926,15.694441295482733
54.06334164657782,0.06800000000000014,0.03511111111111146,0.06800000000000014,0.12762962962962968,0.08599999999999977,1.1094615384615385,1.109923076923077,1.109923076923077,1.1101538461538463,1110.1538461538462,83.20129436862977,,,,,,,63.8391729269733,65.10640009502394,0.07494573356376019,0.05750479822967384,1112.0,71.9061,0.06466375899280576,103.0,1070.0,1191.0,26.923076923076923,65.38461538461539,907.0,1252.0,8.666666666666666,210.9375,0.0390625,9.772198914759258,0.1494140625,27.32565064308049,0.3994140625,62.90215044216024,30.285178530800255,69.71482146919973,0.4344152060144106,20.614624952569947
49.27914738966949,0.05845833333333334,0.028041666666666507,0.05845833333333334,0.1924583333333331,0.1406250000000002,1.220695652173913,1.2221739130434783,1.2222608695652175,1.2139565217391304,1222.3478260869565,60.56972593304962,,,,,,,53.992002774821785,54.83775755517045,0.04955195619478343,0.04417073571248848,1223.0,45.9606,0.03758021259198692,68.0,1195.6,1268.8,30.434782608695656,69.56521739130434,1047.0,1316.0,7.666666666666667,156.25,0.0390625,9.772198914759258,0.1494140625,27.325650643080497,0.3994140625,62.902150442160256,30.28517853080026,69.71482146919973,0.4344152060144106,23.750936868493948
58.857552086201096,0.054678571428571535,0.027785714285714254,0.054678571428571535,0.21242857142857127,0.17221428571428588,1.0306666666666666,1.031925925925926,1.0318888888888889,1.0384074074074074,1031.9259259259259,294.9604831323793,,,,,,,303.5283537636336,308.65539659327817,0.28583493807243704,0.29413773424801193,1154.0,268.3506,0.23253951473136913,509.0,742.4,1298.2,74.07407407407408,85.18518518518519,470.0,1383.0,13.5,304.6875,0.0390625,9.77219891475926,0.1494140625,27.32565064308049,0.3994140625,62.902150442160256,30.285178530800255,69.71482146919975,0.4344152060144105,16.77566555935991
62.39449839553937,0.05622580645161286,0.02751612903225816,0.05622580645161286,0.21393333333333345,0.21116129032258057,0.9780000000000001,0.9829,0.9827333333333333,0.9789999999999999,982.8333333333334,290.9660583752627,,,,,,,334.19615342717105,340.0978850692421,0.296048219476272,0.34003339334628224,1123.0,140.84699999999998,0.12542030276046304,458.5,649.2,1188.4,70.0,86.66666666666667,434.0,1353.0,15.0,648.4375,0.0390625,9.772198914759258,0.1494140625,27.325650643080486,0.3994140625,62.902150442160256,30.285178530800252,69.71482146919973,0.43441520601441047,19.636650112725192
67.94908962249187,0.05478125000000014,0.027531250000000174,0.05478125000000014,0.22681249999999983,0.20687499999999986,0.9060322580645163,0.9066451612903225,0.9072258064516129,0.906967741935484,907.0645161290323,303.2052039443333,,,,,,,339.71380111303495,344.98802911098966,0.3342708247901537,0.3745199983820222,1058.0,240.1812,0.22701436672967862,572.0,569.0,1200.0,74.19354838709677,87.09677419354838,450.0,1227.0,7.75,718.75,0.0390625,9.772198914759262,0.1494140625,27.325650643080497,0.3994140625,62.90215044216024,30.28517853080026,69.71482146919975,0.43441520601441064,15.988103583431586
59.32956675660976,0.05567857142857139,0.02978571428571444,0.05567857142857139,0.2799285714285712,0.20860714285714263,1.047962962962963,1.039074074074074,1.0408148148148149,1.0403333333333333,1040.0740740740741,361.9749168876767,,,,,,,542.7697131735167,553.3474315473055,0.3480280163794342,0.5218567856878054,1109.0,99.3342,0.08957096483318304,279.5,715.0,1168.6,55.55555555555556,77.77777777777779,458.0,2380.0,13.5,164.0625,0.0390625,9.77219891475926,0.1494140625,27.32565064308049,0.3994140625,62.90215044216024,30.285178530800255,69.71482146919973,0.4344152060144106,19.68386021312693
59.45549893343928,0.06424137931034461,0.02931034482758638,0.06424137931034461,0.1451785714285716,0.12144827586206898,1.019153846153846,1.0114285714285713,1.0115,1.0123571428571427,1011.5,141.61096944328384,,,,,,,149.81420592285733,152.6095328466394,0.1400009584214373,0.14811093022526675,1039.0,53.37360000000008,0.05137016361886437,68.75,999.0,1073.0,28.57142857142857,53.57142857142857,477.0,1156.0,5.6,585.9375,0.0390625,9.772198914759258,0.1494140625,27.325650643080497,0.3994140625,62.902150442160256,30.285178530800255,69.71482146919973,0.4344152060144106,20.15366376698492
59.494325342023885,0.06396551724137953,0.03382758620689644,0.06396551724137953,0.14375862068965511,0.10665517241379308,1.0161071428571427,1.0158214285714287,1.0158214285714287,1.0133928571428572,1015.8214285714286,194.45861286248578,,,,,,,211.0842380557003,215.09730124492265,0.1914299180870373,0.2077965990071233,1081.0,59.303999999999995,0.05486031452358926,76.75,1027.0,1128.8,42.857142857142854,71.42857142857143,488.0,1151.0,9.333333333333334,609.375,0.0390625,9.772198914759258,0.1494140625,27.32565064308049,0.3994140625,62.902150442160256,30.28517853080025,69.71482146919975,0.43441520601441047,18.74148846620536
60.22168071064822,0.0657499999999996,0.036482758620689386,0.0657499999999996,0.15324137931034468,0.11168965517241385,1.0055,1.0055357142857144,1.0183846153846154,1.0057142857142858,1005.5357142857143,223.88232394171936,,,,,,,270.7281676160439,275.8763710066016,0.2226497982727097,0.2692377443881807,1112.5,51.149699999999996,0.04597725842696629,130.25,824.0,1141.0,39.285714285714285,78.57142857142857,470.0,1184.0,9.333333333333334,687.5,0.0390625,9.772198914759258,0.1494140625,27.32565064308049,0.3994140625,62.902150442160256,30.285178530800255,69.71482146919975,0.43441520601441047,17.338164036897634
53.85070191458941,0.05950000000000036,0.03261538461538501,0.05950000000000036,0.12600000000000025,0.10238461538461514,1.1149600000000002,1.1150799999999998,1.11504,1.1144800000000001,1114.92,48.74159756648661,,,,,,,57.83813620786894,59.01927958149643,0.04371757396628154,0.05187648997943255,1109.0,53.373599999999996,0.048127682596934174,71.0,1071.4,1162.2,32.0,84.0,1020.0,1215.0,8.333333333333334,46.875,0.0390625,9.772198914759258,0.1494140625,27.325650643080497,0.3994140625,62.902150442160256,30.28517853080026,69.71482146919975,0.4344152060144106,20.07809016977938
52.12081714356171,0.05956000000000008,0.03275999999999971,0.05956000000000008,0.12883999999999993,0.1071600000000003,1.1513333333333333,1.1513333333333333,1.1512916666666666,1.151625,1151.3333333333333,75.99466037687847,,,,,,,58.81769919956437,59.30196725369324,0.06600578492490893,0.051086594556656956,1156.5,82.2843,0.07114941634241245,98.0,1101.8,1213.8,41.66666666666667,66.66666666666666,978.0,1274.0,6.0,250.0,0.0390625,9.77219891475926,0.1494140625,27.32565064308049,0.3994140625,62.902150442160256,30.28517853080026,69.71482146919973,0.4344152060144106,21.206572158020446
50.87771848112435,0.059560000000000314,0.03308000000000023,0.059560000000000314,0.14564000000000013,0.11991999999999965,1.178625,1.1782916666666667,1.1784166666666667,1.1752083333333334,1178.2916666666667,53.39229643722565,,,,,,,39.37832111597755,39.87802549018754,0.0453133107427213,0.0334198418184328,1177.0,59.303999999999995,0.050385726423109595,73.5,1114.6,1222.6,25.0,66.66666666666666,1096.0,1272.0,8.0,0.0,0.0390625,9.772198914759258,0.1494140625,27.325650643080486,0.3994140625,62.902150442160256,30.285178530800255,69.71482146919975,0.43441520601441047,21.34788726947952
56.880278238192595,0.06057142857142845,0.03325000000000025,0.06057142857142845,0.16114285714285728,0.15233333333333296,1.054148148148148,1.0548888888888888,1.054962962962963,1.02388,1054.8148148148148,120.44310403896651,,,,,,,140.93260800822497,143.5383411657505,0.11418412250885168,0.13360886292914587,1020.0,63.751799999999996,0.06250176470588235,77.0,985.6,1079.2,40.74074074074074,66.66666666666666,952.0,1528.0,6.75,70.3125,0.0390625,9.772198914759258,0.1494140625,27.32565064308049,0.3994140625,62.90215044216024,30.28517853080026,69.71482146919973,0.4344152060144106,19.40367293879823
72.24144227776713,0.11051428571428575,0.07765714285714252,0.11051428571428575,0.12471428571428554,0.08097142857142846,0.8307058823529413,0.8304705882352943,0.8302352941176471,0.8306176470588236,830.5882352941177,99.47623978438233,,,,,,,50.66437395131601,51.439892107196336,0.11976601107184841,0.0609981839357204,838.5,113.4189,0.13526404293381036,146.0,735.0,945.2,35.294117647058826,67.64705882352942,657.0,983.0,11.333333333333334,125.0,0.0390625,9.69760491772492,0.1494140625,27.167397557572738,0.3994140625,63.13499752470234,30.08491362030913,69.91508637969086,0.43030646428620134,19.37307799256183
66.24038967920079,0.10206060606060613,0.0763939393939393,0.10206060606060613,0.12287878787878787,0.08218181818181838,0.9067812500000001,0.90609375,0.90675,0.9067500000000002,906.8125,44.12916342415896,,,,,,,34.33375091091713,34.7898143541425,0.04866404402691732,0.03786201768382894,910.0,39.2889,0.04317461538461538,49.5,877.6,939.8,9.375,40.625,790.0,980.0,6.4,148.4375,0.0390625,9.644783380404144,0.1494140625,27.0475279020956,0.3994140625,63.30768871750026,29.934661123074154,70.06533887692585,0.42723922559849825,21.576676197628316
65.19238082564036,0.10296875,0.07846874999999995,0.10296875,0.12362500000000007,0.08312499999999988,0.9205161290322581,0.9203225806451614,0.9203225806451614,0.9203548387096775,920.3225806451613,50.30863881864571,,,,,,,40.80073528749206,41.164165310948874,0.054664136115598214,0.04433308075402222,915.0,47.4432,0.051850491803278685,62.5,878.0,960.0,19.35483870967742,70.96774193548387,842.0,1053.0,7.75,78.125,0.0390625,9.772198914759258,0.1494140625,27.325650643080486,0.3994140625,62.90215044216024,30.285178530800255,69.71482146919975,0.4344152060144105,17.024769190716015
72.44636351653733,0.09924999999999964,0.07455555555555542,0.09924999999999964,0.12474999999999989,0.08314285714285694,0.8237428571428572,0.8264571428571428,0.8265142857142858,0.8313235294117647,825.9142857142857,50.256033543874366,,,,,,,36.458679270067464,36.70511677066224,0.06084896993930892,0.04414341766535307,833.0,37.065,0.04449579831932773,48.0,799.6,865.4,14.285714285714285,57.14285714285714,645.0,904.0,5.833333333333333,210.9375,0.0390625,9.671261219247869,0.1494140625,27.107624164227968,0.3994140625,63.22111461652417,30.009966407285035,69.99003359271497,0.42877485360156586,19.608911441370015
70.22501813754909,0.1009142857142855,0.07537142857142837,0.1009142857142855,0.1230285714285714,0.08282352941176478,0.8544411764705881,0.854264705882353,0.8550588235294118,0.8545757575757575,854.5294117647059,52.771798766936485,,,,,,,37.63903518552209,38.21606734124148,0.061755391962409326,0.04404650637804609,853.5,55.5975,0.06514059753954306,71.0,797.4,898.4,17.647058823529413,47.05882352941176,745.0,946.0,8.5,125.0,0.0390625,9.640825189310915,0.1494140625,27.038542635723783,0.3994140625,63.32063217496531,29.92340588808171,70.0765941119183,0.42700999195667927,20.492526721426483
68.02408677453467,0.09981818181818161,0.07630303030303019,0.09981818181818161,0.12399999999999999,0.08293939393939384,0.88184375,0.88146875,0.881875,0.8818125,881.875,58.73271880361504,,,,,,,59.67979071138603,60.66456335713485,0.06659982288149119,0.06767375275564681,876.5,53.373599999999996,0.0608940102681118,69.5,846.4,923.6,37.5,59.375,759.0,1040.0,10.666666666666666,101.5625,0.0390625,9.77219891475926,0.1494140625,27.32565064308049,0.3994140625,62.90215044216024,30.285178530800255,69.71482146919975,0.4344152060144105,16.970159478564884
73.41938977531458,0.10524999999999962,0.07524999999999986,0.10524999999999962,0.12394444444444429,0.08213888888888896,0.8178857142857143,0.8178857142857142,0.818542857142857,0.8182,818.0571428571428,64.0302974504776,,,,,,,37.32488524863177,37.18514883818064,0.07827117947634522,0.04562625676523163,817.0,53.373599999999996,0.06532876376988983,85.5,780.2,881.0,14.285714285714285,48.57142857142857,650.0,921.0,7.0,179.6875,0.0390625,9.679312078837384,0.1494140625,27.125893504358373,0.3994140625,63.19479441680424,30.032868580491215,69.96713141950877,0.42924253104533056,19.624188694584777
79.684998228471,0.1036750000000001,0.06737500000000027,0.1036750000000001,0.11990000000000023,0.082225,0.7554615384615385,0.7540256410256411,0.7556666666666667,0.7554615384615384,755.4102564102565,97.79562953013638,,,,,,,36.39259612382138,35.62388477453838,0.12946028823445635,0.04817593594341786,742.0,90.4386,0.12188490566037735,114.0,672.8,831.2,15.384615384615385,61.53846153846154,603.0,1020.0,13.0,117.1875,0.0390625,9.640412182331032,0.1494140625,27.037605071538657,0.3994140625,63.32198274613031,29.922231524668053,70.07776847533196,0.4269860781197815,18.811648797460364
63.24743170176,0.11712903225806433,0.07903225806451608,0.11712903225806433,0.12322580645161293,0.08316129032258031,0.9485,0.9485666666666667,0.9480666666666668,0.9486333333333333,948.5666666666667,59.04450883010633,,,,,,,55.838436891470714,56.588959566576115,0.06224602962024071,0.05886611753677905,942.0,61.527899999999995,0.06531624203821655,84.25,898.8,994.6,36.666666666666664,83.33333333333334,825.0,1071.0,7.5,78.125,0.0390625,9.77219891475926,0.1494140625,27.325650643080497,0.3994140625,62.902150442160256,30.285178530800266,69.71482146919973,0.43441520601441064,17.836457686648465
58.16970077130756,0.11228571428571461,0.07982142857142878,0.11228571428571461,0.12335714285714307,0.09446428571428567,1.0323703703703704,1.0323703703703704,1.0324074074074074,1.0324444444444443,1032.4444444444443,71.55542947379666,,,,,,,85.22910301065005,86.87359517403166,0.06930680857341477,0.0825507885380812,1032.0,93.40379999999999,0.09050755813953487,112.5,965.6,1102.2,70.37037037037037,85.18518518518519,893.0,1177.0,9.0,70.3125,0.0390625,9.77219891475926,0.1494140625,27.32565064308049,0.3994140625,62.90215044216024,30.28517853080026,69.71482146919973,0.4344152060144106,19.149606835338027
62.14767476673155,0.11616666666666675,0.07969999999999987,0.11616666666666675,0.12563333333333335,0.08296666666666679,0.9643103448275862,0.964103448275862,0.9647586206896552,0.9642068965517241,964.2068965517242,104.1744345215359,,,,,,,76.78774083704471,77.90993307632648,0.10804157789587801,0.0796382406220691,967.0,108.2298,0.11192326783867632,154.0,873.0,1046.0,55.172413793103445,89.65517241379311,759.0,1224.0,9.666666666666666,296.875,0.0390625,9.772198914759258,0.1494140625,27.325650643080497,0.3994140625,62.902150442160256,30.285178530800263,69.71482146919975,0.4344152060144106,17.05398774437738
58.97754945102559,0.11624137931034516,0.07941379310344827,0.11624137931034516,0.12365517241379312,0.09458620689655184,1.0181071428571429,1.0180714285714285,1.0180714285714285,1.0180714285714285,1018.0357142857143,65.1172629684935,,,,,,,74.74450308043224,76.16594194422278,0.06396363315621183,0.07342031525178398,1031.0,51.149699999999996,0.0496117361784675,94.25,953.6,1066.6,46.42857142857143,75.0,891.0,1169.0,14.0,0.0,0.0390625,9.772198914759258,0.1494140625,27.32565064308049,0.3994140625,62.90215044216026,30.285178530800255,69.71482146919975,0.4344152060144105,18.445561891435574
61.213350462668345,0.11313333333333374,0.07980000000000041,0.11313333333333374,0.1254666666666665,0.08316666666666661,0.9826551724137931,0.9827241379310344,0.9826551724137931,0.9826206896551724,982.6206896551724,76.70742830163351,,,,,,,84.64653397680091,86.15664182880464,0.07806412902678873,0.08614365122568873,981.0,75.6126,0.07707706422018348,95.0,927.8,1041.0,72.41379310344827,89.65517241379311,787.0,1103.0,9.666666666666666,179.6875,0.0390625,9.772198914759258,0.1494140625,27.32565064308049,0.3994140625,62.90215044216024,30.28517853080026,69.71482146919973,0.4344152060144106,19.245066034357514
72.18495573071996,0.10888571428571403,0.07345714285714286,0.10888571428571403,0.12562857142857137,0.0838285714285715,0.8330588235294119,0.833529411764706,0.8329117647058824,0.8330294117647059,832.9117647058823,91.28588713887179,,,,,,,49.217513512606835,49.384986523632804,0.10959850851801409,0.05909090926334378,823.5,87.4734,0.10622149362477232,116.25,771.8000000000001,924.8,23.52941176470588,73.52941176470588,677.0,1016.0,5.666666666666667,117.1875,0.0390625,9.688775659411563,0.1494140625,27.147366349994286,0.3994140625,63.16385799059414,30.05979217778524,69.94020782221475,0.4297927202932546,19.44919693587908
73.39006958210658,0.15113888888888916,0.11250000000000024,0.15113888888888916,0.1813611111111112,0.1193333333333331,0.8205142857142859,0.8229428571428571,0.8205142857142859,0.8204571428571428,820.5142857142857,90.9881606482473,,,,,,,133.2355278533205,135.21128906870945,0.11089162276929646,0.16238050960603861,811.0,65.2344,0.08043699136868063,91.5,775.4,882.4,20.0,57.14285714285714,505.0,1105.0,8.75,289.0625,0.0390625,9.672208550675503,0.1494140625,27.10977397781414,0.3994140625,63.21801747151036,30.01266115647609,69.98733884352391,0.4288298662644926,20.100221238644753
73.4605301941493,0.14688888888888887,0.10869444444444445,0.14688888888888887,0.17613888888888887,0.11830555555555566,0.8168571428571427,0.8168,0.8169142857142858,0.8170571428571429,816.8571428571429,74.92001337000244,,,,,,,28.845939667379838,29.202913560598837,0.09171740006820865,0.03531332243295888,829.0,65.2344,0.07869047044632087,70.0,767.4,866.0,14.285714285714285,42.857142857142854,673.0,958.0,8.75,171.875,0.0390625,9.664472110623523,0.1494140625,27.092216708327076,0.3994140625,63.2433111810494,29.990655217628,70.00934478237201,0.428380744182875,18.99746107152527
76.94246500075865,0.14552631578947403,0.10781578947368446,0.14552631578947403,0.17428947368421044,0.11902631578947384,0.7804054054054054,0.7805135135135135,0.7803513513513514,0.7803513513513514,780.3513513513514,45.186168124657236,,,,,,,19.998611062882453,20.15030820198343,0.05790490148624382,0.025627700942979628,789.0,54.856199999999994,0.06952623574144486,74.0,727.6,818.4,2.7027027027027026,18.91891891891892,707.0,850.0,9.25,109.375,0.0390625,9.648195624976928,0.1494140625,27.05527355900396,0.3994140625,63.296530816019114,29.944364416570682,70.05563558342932,0.4274369102098847,18.575407134666367
82.47861830641844,0.1407250000000001,0.10220000000000011,0.1407250000000001,0.16685,0.11914999999999969,0.7333333333333334,0.734025641025641,0.7337435897435898,0.7334871794871795,733.7179487179487,87.65691155322511,,,,,,,59.0559502773251,59.095102607617456,0.11946949329288063,0.08048862697241584,771.0,54.856199999999994,0.07114941634241244,128.5,645.6,803.4,17.94871794871795,46.15384615384615,454.0,832.0,13.0,296.875,0.0390625,9.634367148817862,0.1494140625,27.023881852294483,0.3994140625,63.34175099888765,29.905043543266647,70.09495645673336,0.42663616692202044,17.55712854608395
72.18150221071639,0.1449142857142855,0.10751428571428563,0.1449142857142855,0.17254285714285714,0.11557142857142874,0.8290294117647058,0.8311176470588236,0.831764705882353,0.831735294117647,831.7647058823529,61.75173108776073,,,,,,,29.970692755464032,30.21798957474494,0.07424182662602068,0.036032657485352795,841.0,45.9606,0.054649940546967896,58.75,792.4,871.6,11.76470588235294,44.11764705882353,660.0,927.0,8.5,179.6875,0.0390625,9.661610431251551,0.1494140625,27.085721953347726,0.3994140625,63.252667615400725,29.98251583036602,70.01748416963399,0.42821469788497757,19.899637606556148
73.58394258553069,0.1409166666666667,0.10152777777777768,0.1409166666666667,0.17616666666666678,0.11941666666666667,0.8253142857142857,0.8252,0.8254571428571428,0.8252285714285715,825.4,145.81922732898954,,,,,,,220.8594176233859,224.15846190313837,0.17666492286041863,0.2675786498950641,821.0,112.6776,0.13724433617539586,133.5,742.4,932.4,31.428571428571427,65.71428571428571,463.0,1114.0,11.666666666666666,359.375,0.0390625,9.639704379943069,0.1494140625,27.035998285552814,0.3994140625,63.324297334504124,29.920218941328628,70.07978105867137,0.42694509727818886,19.864405924258403
74.59914986805354,0.1294324324324324,0.09140540540540543,0.1294324324324324,0.18270270270270278,0.12175675675675675,0.8066111111111112,0.8071944444444443,0.8070277777777777,0.8070833333333334,807.0277777777778,107.71960588520315,,,,,,,113.03425523770596,114.65210072947059,0.13347694943266833,0.14006240968428094,828.0,59.303999999999995,0.0716231884057971,69.25,777.0,882.0,11.11111111111111,44.44444444444444,422.0,921.0,7.2,398.4375,0.0390625,9.677355618974824,0.1494140625,27.12145398721235,0.3994140625,63.20119039381282,30.0273028685927,69.9726971314073,0.42912884738746077,19.316621067671868
72.0823630094546,0.1155555555555557,0.07505555555555558,0.1155555555555557,0.17105555555555557,0.12457142857142846,0.8365428571428571,0.8360285714285715,0.8354,0.8398823529411765,835.3714285714286,122.83515632852063,,,,,,,171.26390025166356,173.76446707490376,0.14704256349607434,0.2050152715236413,842.0,93.40379999999999,0.11093087885985747,116.5,757.6,915.8000000000001,20.0,57.14285714285714,501.0,1122.0,11.666666666666666,335.9375,0.0390625,9.676053159274014,0.1494140625,27.11849844188003,0.3994140625,63.20544839884597,30.023597717336038,69.97640228266397,0.4290531770418572,20.39996845379253
95.55144191834364,0.1308510638297871,0.0948510638297872,0.1308510638297871,0.1605106382978721,0.11772340425531946,0.6309347826086956,0.631,0.6307826086956522,0.6306086956521739,630.9782608695652,144.2264406534907,,,,,,,189.97379936308175,192.11993833819201,0.22857592661707396,0.3010782005409737,607.5,39.2889,0.06467308641975308,52.75,572.0,644.0,23.91304347826087,36.95652173913043,429.0,1494.0,7.666666666666667,164.0625,0.0390625,9.648438230055774,0.1494140625,27.055824252447678,0.3994140625,63.29573751749654,29.945054321626458,70.05494567837354,0.4274509676890765,14.882194525422587
99.67150083307823,0.14299999999999996,0.10653061224489786,0.14299999999999996,0.16373469387755113,0.10426530612244905,0.6026458333333333,0.6026041666666667,0.6027291666666666,0.6027708333333334,602.7083333333334,39.244437650765526,,,,,,,57.62922574158417,58.249781139290214,0.06511348106590892,0.09561710458334048,603.5,22.238999999999997,0.036850041425020706,27.5,583.2,621.0,6.25,8.333333333333332,447.0,756.0,4.363636363636363,148.4375,0.0390625,9.655359417434186,0.1494140625,27.07153419065027,0.3994140625,63.27310639191555,29.964737272832075,70.03526272716792,0.4278521434204347,14.45425533251624
93.97794771271388,0.14289361702127648,0.10663829787234037,0.14289361702127648,0.16346808510638303,0.10534042553191501,0.6390217391304348,0.6384782608695653,0.6388478260869566,0.6389347826086957,638.8260869565217,34.5718603284528,,,,,,,13.25979721648194,13.162619247495746,0.05411779674364761,0.020756505545435556,633.0,31.1346,0.04918578199052132,41.75,612.0,676.0,0.0,13.043478260869565,581.0,716.0,5.75,31.25,0.0390625,9.657316249214778,0.1494140625,27.075975663619463,0.3994140625,63.26670808716576,29.97030256297221,70.02969743702778,0.4279656154436788,15.665063655502951
82.9451304814431,0.14197560975609771,0.10363414634146342,0.14197560975609771,0.16829268292682936,0.11114634146341447,0.725725,0.727275,0.7269249999999999,0.72685,726.975,110.42191521149395,,,,,,,135.13649320176913,136.87986891986552,0.15189231433198383,0.1858887763702591,716.5,92.6625,0.12932658757850662,150.0,656.6,824.0,27.500000000000004,55.00000000000001,433.0,916.0,10.0,296.875,0.0390625,9.694118439144772,0.1494140625,27.15948795811726,0.3994140625,63.14639360273797,30.074993443051724,69.92500655694828,0.43010354841451554,18.04131549443238
82.07026262688281,0.12609999999999974,0.08649999999999979,0.12609999999999974,0.1683499999999998,0.11192500000000019,0.7388205128205129,0.7396153846153847,0.7387179487179487,0.738948717948718,738.6666666666666,137.47350621949198,,,,,,,230.0133863381365,233.09799891494302,0.18611034235490792,0.3113899634541559,734.0,47.4432,0.06463651226158038,62.0,701.2,780.0,41.02564102564102,56.41025641025641,463.0,1089.0,7.8,273.4375,0.0390625,9.655100718023094,0.1494140625,27.0709470067943,0.3994140625,63.27395227518261,29.964001534057537,70.03599846594246,0.42783714361734443,18.164506266478615
80.83843797485099,0.09300000000000033,0.05387179487179478,0.09300000000000033,0.16556410256410234,0.11615384615384637,0.7478947368421053,0.7497368421052631,0.7483421052631579,0.7522631578947369,748.1842105263158,99.5185315523338,,,,,,,146.95623544149169,148.90074691697296,0.13301340786425678,0.19641718359455115,754.0,78.5778,0.10421458885941644,112.5,688.4,813.0,21.052631578947366,50.0,453.0,980.0,9.5,257.8125,0.0390625,9.672446116963888,0.1494140625,27.11031309188457,0.3994140625,63.21724079115154,30.013336934806556,69.98666306519344,0.4288436627825613,17.838309660985868
77.80161916639227,0.07297297297297281,0.03848648648648652,0.07297297297297281,0.1645675675675676,0.12419444444444455,0.7830555555555556,0.7825833333333333,0.7806666666666667,0.7899705882352942,781.25,237.80680934621822,,,,,,,305.8224508249377,309.78296821316366,0.3043927159631593,0.3914527370559202,756.5,99.3342,0.13130760079312623,141.0,689.0,889.0,72.22222222222221,80.55555555555556,338.0,1529.0,12.0,382.8125,0.0390625,9.624194289652,0.1494140625,27.00078601462562,0.3994140625,63.37501969572238,29.876122046604383,70.12387795339562,0.4260477731488278,17.21939914204098
96.45461587586496,0.05218749999999988,0.029729166666666657,0.05218749999999988,0.13997916666666688,0.19302127659574497,0.621531914893617,0.6213404255319149,0.6213829787234042,0.6222608695652174,621.3829787234042,56.70271567436046,,,,,,,19.29969587505371,18.937578621829427,0.0912524443312769,0.031059260610427134,606.0,48.925799999999995,0.08073564356435643,68.5,576.2,653.6,2.127659574468085,19.148936170212767,558.0,800.0,7.833333333333333,70.3125,0.0390625,9.22070371870843,0.1494140625,26.126833871178057,0.3994140625,64.65246241011351,28.780608510359713,71.21939148964029,0.4041119687823533,16.193735443784536
97.57605817810646,0.05242857142857134,0.02861224489795925,0.05242857142857134,0.14087755102040825,0.1830208333333333,0.6141458333333334,0.6143958333333334,0.6147083333333333,0.616,614.2916666666666,58.57381534415895,,,,,,,40.85808339513008,41.29778369380555,0.0953517987017442,0.06651251451421841,594.5,37.065,0.06234650967199327,62.0,571.4,661.6,20.833333333333336,37.5,539.0,794.0,6.0,46.875,0.0390625,9.652383278518784,0.1494140625,27.064778992238843,0.3994140625,63.28283772924237,29.956273307875616,70.0437266921244,0.4276796041927885,15.120040478043277
90.24962409478806,0.052977272727272824,0.030318181818181907,0.052977272727272824,0.1428636363636362,0.19352272727272754,0.6654418604651163,0.6654418604651163,0.6654418604651163,0.6656279069767442,665.4418604651163,47.271909672397456,,,,,,,28.64603354908386,28.992059067377713,0.0710383768754138,0.043048138764611936,659.0,54.856199999999994,0.08324157814871015,75.5,620.8,709.6,11.627906976744185,48.837209302325576,594.0,759.0,7.166666666666667,23.4375,0.0390625,9.661585359128873,0.1494140625,27.085665049734708,0.3994140625,63.252749591136414,29.98244451976529,70.0175554802347,0.4282132432948056,16.223932416267917
92.24196494560952,0.05280434782608703,0.030152173913043295,0.05280434782608703,0.1421304347826087,0.19504444444444458,0.6501777777777777,0.6502,0.6501777777777779,0.6509999999999999,650.1777777777778,52.100553516903034,,,,,,,25.06627578676541,25.259833661711554,0.0801327810602446,0.03855295681196402,640.0,57.8214,0.0903459375,80.0,600.0,705.2,4.444444444444445,35.55555555555556,571.0,752.0,6.428571428571429,62.5,0.0390625,9.654897232136861,0.1494140625,27.070485142887,0.3994140625,63.27461762497614,29.96342282375078,70.03657717624922,0.4278253454383828,15.982878331991149
91.23991956043126,0.05277777777777771,0.02924444444444442,0.05277777777777771,0.14280000000000023,0.19462222222222245,0.6575909090909091,0.6576136363636365,0.6576363636363637,0.6576363636363637,657.6136363636364,29.35525459804183,,,,,,,23.01162496915266,23.19169955000536,0.0446390600419506,0.03499262134586891,659.0,26.686799999999998,0.04049590288315629,28.0,638.0,678.2,0.0,31.818181818181817,591.0,726.0,4.888888888888889,78.125,0.0390625,9.665106976713787,0.1494140625,27.093657547373407,0.3994140625,63.2412354759128,29.99246098668573,70.00753901331427,0.42841758772553995,16.084890559048176
90.65357518880086,0.052659090909091016,0.029113636363636397,0.052659090909091016,0.14240909090909068,0.19661363636363635,0.6617209302325582,0.6617209302325583,0.6616976744186046,0.661860465116279,661.7209302325581,44.45132467970703,,,,,,,32.72395365565021,33.080059855545265,0.06717533426679562,0.04945280126495253,650.0,40.0302,0.06158492307692308,66.0,625.4,701.2,11.627906976744185,44.18604651162791,589.0,783.0,7.166666666666667,70.3125,0.0390625,9.65216497410989,0.1494140625,27.06428347961893,0.3994140625,63.28355154627118,29.955652475638605,70.0443475243614,0.427666950073595,16.011143925277114
90.88222351173623,0.052727272727272866,0.028977272727272928,0.052727272727272866,0.14250000000000032,0.19836363636363635,0.6608139534883721,0.6608604651162792,0.6608604651162792,0.6608372093023256,660.8604651162791,56.29031101410109,,,,,,,36.75498022620297,36.9206466132632,0.08517730139023637,0.05561685433813307,654.0,54.856199999999994,0.08387798165137614,74.5,615.4,709.6,16.27906976744186,41.86046511627907,585.0,807.0,10.75,62.5,0.0390625,9.668875204305586,0.1494140625,27.102209389293364,0.3994140625,63.22891540640106,30.003179358821814,69.99682064117819,0.4286363163925099,15.77310166355048
78.79286739072333,0.05474358974358984,0.030974358974358865,0.05474358974358984,0.14943589743589739,0.22164102564102578,0.7623684210526316,0.7623157894736842,0.7623421052631579,0.7625000000000001,762.3421052631579,73.87435509968276,,,,,,,55.44122770763405,55.96435480740405,0.09690446662942956,0.07272486633608664,747.5,59.303999999999995,0.07933645484949832,107.0,707.0,823.0,34.21052631578947,63.1578947368421,633.0,953.0,9.5,93.75,0.0390625,9.661167533545271,0.1494140625,27.084716751756382,0.3994140625,63.254115714698344,29.98125613568637,70.01874386431365,0.4281890031301586,18.699820400826194
76.19596966100347,0.05407894736842091,0.03128947368421044,0.05407894736842091,0.15123684210526314,0.22828947368421074,0.7881081081081082,0.7880810810810811,0.7880810810810811,0.7881081081081082,788.081081081081,76.3127258858713,,,,,,,66.32202583690513,67.26165444538336,0.09683359709788533,0.08415634815890427,779.0,81.54299999999999,0.1046765083440308,109.0,721.6,862.8,43.24324324324324,59.45945945945946,661.0,944.0,9.25,85.9375,0.0390625,9.667395605605526,0.1494140625,27.098851542814867,0.3994140625,63.2337528515796,29.998970719919225,70.00102928008077,0.428550423164358,19.51740019158237
74.57177320437408,0.05451351351351357,0.03172972972972963,0.05451351351351357,0.15164864864864847,0.23032432432432456,0.8043055555555555,0.8043611111111111,0.8043611111111111,0.8045555555555555,804.3611111111111,53.920657466200296,,,,,,,42.682214429097144,43.15590264115801,0.06703538587502886,0.053063498271488665,814.0,48.925799999999995,0.0601054054054054,88.5,753.0,847.0,27.77777777777778,55.55555555555556,726.0,947.0,6.0,125.0,0.0390625,9.67879671024416,0.1494140625,27.12472406165285,0.3994140625,63.19647922810299,30.031402454454806,69.9685975455452,0.4292125826147399,19.643172175114213
76.94472889068312,0.05455263157894687,0.03126315789473659,0.05455263157894687,0.15423684210526314,0.22491891891891871,0.7766756756756757,0.7781351351351351,0.7783513513513514,0.7824166666666668,777.8108108108108,63.487460633243614,,,,,,,53.028294334251406,53.52462717558819,0.08162326847458264,0.06817634005237506,776.0,31.1346,0.04012190721649484,42.0,747.8,812.0,24.324324324324326,56.75675675675676,608.0,943.0,7.4,195.3125,0.0390625,9.660869101065861,0.1494140625,27.084039425997368,0.3994140625,63.255091472936776,29.980407334555082,70.01959266544493,0.4281716901411023,18.34898841396975
77.70695034139058,0.05428947368421083,0.031605263157894914,0.05428947368421083,0.15302631578947362,0.22728947368421046,0.7728108108108108,0.7727567567567567,0.7727567567567568,0.7726216216216216,772.7837837837837,50.04671991423788,,,,,,,42.06674590589473,42.62769797819998,0.0647616072754451,0.05443533726849596,768.0,45.9606,0.05984453125,61.0,734.4,806.8,21.62162162162162,51.35135135135135,672.0,886.0,9.25,93.75,0.0390625,9.66806049989745,0.1494140625,27.100360481247055,0.3994140625,63.2315790188555,30.000861966676013,69.999138033324,0.42858901994469867,18.5477642792319
75.6725207912048,0.0541621621621621,0.03137837837837832,0.0541621621621621,0.15202702702702708,0.23056756756756736,0.7936111111111112,0.7934722222222222,0.7934722222222221,0.7906388888888889,793.4722222222222,86.28275315532933,,,,,,,65.23890162866238,66.17547338184235,0.10874073564123424,0.0822195154430893,786.5,87.4734,0.11121856325492689,115.75,715.0,857.0,30.555555555555557,58.333333333333336,676.0,973.0,12.0,39.0625,0.0390625,9.662540289134768,0.1494140625,27.08783234484275,0.3994140625,63.24962736602249,29.985160565218766,70.01483943478124,0.42826864715086455,19.22151698659283
