rmse,mav,var,energy,mnf,mdf,zc,fr,mav_arr_0,mav_arr_1,mav_arr_2,mav_arr_3,std_0,std_1,std_2,std_3
0.6017800802550813,0.3615534057834763,0.36215133670303556,10864.177949754363,217.86772100164467,415.43333333333334,12887.0,1.5661988075946978,0.08669628216882433,0.4895863466636691,0.5013222856068462,0.257608848646935,0.18016104073315697,1.0732780821891434,0.9960327092845175,0.44472547695406167
0.3016157452084296,0.23865405959054856,0.090975090260645,2729.161732729089,261.4450265804129,383.4,13911.0,1.2201661732392244,0.04611080584425572,0.2634466337771698,0.3188474926053699,0.21314928996305887,0.07287648753047682,0.413327072171889,0.5135900419244115,0.34229704948293643
0.3097420423866681,0.24605998777015886,0.09594333093289557,2878.203984655934,260.48405494984127,383.23333333333335,13889.0,1.2214579861232384,0.04790808379443224,0.2678202885150722,0.32801692120677023,0.21944120137918535,0.0772199628089184,0.4273984675531834,0.5310204884004524,0.3522910430159912
0.3507561858690916,0.2824986614375541,0.12303400305886802,3690.8970577629816,259.26581696808444,386.56666666666666,13612.0,1.260489438144245,0.05598847539684481,0.27929015866196943,0.38853766688893676,0.24806932132506698,0.08948880774628011,0.45765835812933636,0.6185469551587629,0.3985986653328661
0.3767419304935665,0.3092085615428176,0.14193921349913594,4258.034465760579,287.1295755953046,376.23333333333335,16875.0,1.0133660621474643,0.048553852136342564,0.22239852662167567,0.3531263206874763,0.33384805920893723,0.07918532178876701,0.3615522828180761,0.5714969746914546,0.5236440453845631
0.37604306485324934,0.3080587383525113,0.14141310039423824,4242.2515987267525,311.19255608643465,377.7,20048.0,0.8797333516575108,0.04151943694772791,0.21166010408948854,0.28080829559443904,0.37661175563747057,0.06802181416118928,0.34342112162941135,0.45339816743342465,0.5864887319910544
0.4775817963561144,0.34117611451652397,0.2280919752765757,6842.5311663219945,275.923726045582,381.7,19694.0,1.0596571961560497,0.05273511927562703,0.28135905932769534,0.32539285211180596,0.38086770263468395,0.11330206056602686,0.6706727061634637,0.6287000664881738,0.6043005883463355
0.30067296007424815,0.22743430650752636,0.09040724249456024,2712.1268675943124,194.73086952665471,427.5333333333333,9497.0,1.580050385649438,0.07765031516399416,0.4182381008311529,0.3001968676107407,0.1132040147274248,0.1296723673013875,0.7028677412725829,0.49745210992983463,0.18552015942521874
0.2992508189992883,0.22028942946095162,0.08955403780633836,2686.5315801523443,191.81250238599822,429.96666666666664,9416.0,1.5994227700751775,0.07583718013914528,0.40819147094408254,0.29240759021488616,0.10540748443649296,0.12990712171503432,0.6986710826188428,0.48996456631498925,0.17434525790231004
0.335493042119905,0.25111551122732556,0.11255933328864462,3376.66743932605,184.03161256046613,438.8,8508.0,1.6834220591207343,0.082649605639925,0.50422534977195,0.3209163849525294,0.1015463754514485,0.1371084945744462,0.8425508879836945,0.5381822831382473,0.16882109807588552
0.31699076844082813,0.2369673549494497,0.10048649682660094,3014.494418301201,185.13728534469814,439.2,8453.0,1.682448062934171,0.08257522257879436,0.46769116659188376,0.3102925985059441,0.09547058499466644,0.13753129099029235,0.7741916730248759,0.5129183238258814,0.15804847220648868
0.31228638174303,0.2377174545557105,0.09752603508998979,2925.6835266646035,185.98237403864727,437.96666666666664,8501.0,1.6860068350785244,0.07922015942495346,0.4747494418652466,0.3068706565728105,0.0974378092782092,0.12889117005520387,0.7688083552285897,0.5018221031682972,0.16102599634655929
0.3136102067553776,0.24077572274969633,0.09835464026915965,2950.54085343452,189.71316118253714,434.1666666666667,8871.0,1.6421283058318072,0.07810467253336757,0.46164059765396687,0.31746633444139855,0.10693655445016495,0.12655212679495131,0.7577209685851394,0.5216460411049699,0.1743456385734733
0.332556518963393,0.2508465892131622,0.11059752488921253,3317.8151491514864,191.55137338439013,430.8,9206.0,1.6061014962824323,0.08318052894859687,0.4788973586063207,0.3267195116424584,0.11785821065758284,0.1391247787241638,0.7861110453749789,0.5438102844925566,0.19342295581472047
0.41583027586779303,0.29764217268393284,0.17292058234769644,5187.444549848546,180.77132736403078,443.5333333333333,8535.0,1.7528212009964268,0.08934486177905415,0.5842826716245199,0.39313936839704244,0.11654186738122456,0.14987454413450293,1.0123142943835464,0.6697151939763424,0.19683457546504263
0.3485942645481475,0.26607248239828263,0.12152201200959749,3645.538838275915,184.63471487578778,439.6333333333333,8463.0,1.672272135516029,0.08113910390742217,0.5289292384557361,0.34244841742251586,0.10795757015901583,0.13161191186158877,0.877008516986819,0.5627402369876665,0.17833521215293524
0.3434024336339846,0.26314946396880495,0.11792916239782311,3537.7569427722956,186.13358349125585,439.5333333333333,8513.0,1.654033746117481,0.07333251335701663,0.5058485664460606,0.3529224912600479,0.1092775086635153,0.11965853937321887,0.8298112774783963,0.5783276105564503,0.1792194120803347
0.3491856429320935,0.2663300365166034,0.12193467771915678,3657.918396896984,190.87240506449538,433.56666666666666,9076.0,1.5712593280116278,0.07827598591709417,0.5163213602613138,0.347668078591898,0.12250034648224566,0.1297181616028508,0.849833846354668,0.568654881468371,0.1988217436049223
0.3382494389342493,0.25930507812860987,0.11441649682256187,3432.3804881800334,206.6128465077063,423.23333333333335,9840.0,1.5321217355366497,0.07568873227515667,0.497979254909767,0.3262293875847294,0.13900683343443462,0.12412847555738162,0.8248817855544498,0.5352751033299051,0.22222288662647569
0.337054356274756,0.26105321916054713,0.11360942606465896,3408.169172513704,211.20506524872536,421.8,9824.0,1.5648034953127716,0.07381944229857752,0.4993530957645967,0.3263923401820706,0.14265735434904714,0.119614314059036,0.8068284139857989,0.534755668352987,0.2270471628946856
0.4550375370342227,0.32632916037911136,0.20706606231224872,6211.774803305149,198.7533576341958,433.4,10578.0,1.7321061823030341,0.09382312369684835,0.6220908402970863,0.41987247360454033,0.15966904465783777,0.1612752423673629,1.080675062573897,0.7319546152898503,0.2586467096977892
1.5737548794577894,0.6789852000595433,2.476786980183207,74301.13261851603,256.26254531060994,391.9,14519.0,1.1966406788870638,0.14315947563594758,0.6829948983906992,0.9750014132813858,0.6006388462073176,0.3142021634751875,1.5973431803182034,2.4290804202988108,1.5193863576861222
2.068514085958633,1.0419064340639204,4.278893153581066,128362.5157142784,260.12063493714226,389.46666666666664,13037.0,1.1858055420326539,0.2644651523003671,1.117531797444476,1.5493301350791029,0.9186849941543705,0.4855997308656663,2.1453126915123355,3.217191591061188,2.129912506618956
0.7061966575890971,0.2847994262694407,0.4987303435347969,14961.411575700371,251.75168342173995,395.46666666666664,16485.0,1.281625252512625,0.05859762121596474,0.2734126738893578,0.3855978191087078,0.26032105567241387,0.14911792733245763,0.7277093993904526,1.099443620249189,0.6462301492377643
0.18812870914694538,0.15074776422753222,0.03539359099166236,1061.7723361588792,299.5899962426984,375.1333333333333,18050.0,1.0011373191646589,0.022309428450063118,0.10139095282824358,0.1600106761011395,0.17114521618535017,0.037030122367013335,0.16588873042945634,0.26336245249477386,0.2720512351845178
0.28826878823337665,0.17381678920861526,0.08310166432501685,2492.9668280861806,275.1774543271697,380.8333333333333,16889.0,1.1117342677584463,0.029357717039580105,0.12261357492191624,0.20489489044558293,0.18735038301104687,0.06291284663055238,0.2628656585520057,0.42964805683365,0.3430421363458854
0.31671726904516945,0.18166693728035657,0.10031317228383971,3009.2948553429073,261.6531310856881,387.1,17113.0,1.2496159535478475,0.030791247571295317,0.13606265101984216,0.2127490571979094,0.19225206167168507,0.06334864208362061,0.33940517905627665,0.4744616504957211,0.34792369541014556
0.2680795797896146,0.1645991751264456,0.07186905673540087,2155.9998330052904,274.46319906925027,380.8333333333333,17520.0,1.1297767561876768,0.026231607734285366,0.11167822014917599,0.1852815909719542,0.18094233516177297,0.05458752893466021,0.23996901770762405,0.4201480956505078,0.30440818919342255
0.21303435106075,0.15685798181132005,0.04538514757012721,1361.5090419562462,294.0219559842351,374.6666666666667,17857.0,1.0156500657455156,0.02455078894343809,0.11049398030972163,0.16744358155396716,0.17654051055613876,0.0452644840635627,0.19588463636870784,0.29780951817846907,0.29314957676295983
0.4185874105441025,0.2345127102200601,0.17522126097471613,5256.462607980509,265.0121776025544,385.2,17158.0,1.2195826202402968,0.04236324277219159,0.22399969916794998,0.28636697955084917,0.23139852140234532,0.08582270762759059,0.4645830268224008,0.637309401351495,0.4469164323575944
0.4413267496811792,0.2666237707484901,0.1947757925105712,5843.078999524625,204.8961757172828,423.0333333333333,10601.0,1.2955979002196403,0.06296058780387946,0.44771297450138026,0.3716591072073452,0.15335435391920535,0.11824773104424136,0.8574603273463116,0.714948084096968,0.2969514183299013
0.5324771086783343,0.40442849941363845,0.28354132264386006,8505.956137993158,211.65250195804202,418.1666666666667,10102.0,1.3185792468220605,0.09683919928503838,0.6726745281777696,0.5624708812629002,0.24329830606575592,0.15599705911736605,1.1083132321321278,0.9230952873232917,0.4038624604987505
0.5467907064883656,0.4139377247872113,0.29899004303681387,8969.402301061378,209.94959062040195,419.2,10106.0,1.3228367803107268,0.09401154053628927,0.6842714086969386,0.5860349727529596,0.24439248923005438,0.15084369229593406,1.1309608446730186,0.9648597593850201,0.4068194419147282
0.5387827426324663,0.40551510932929463,0.29029652030923936,8708.605312756872,206.05099527246165,421.8,9849.0,1.2924487794583268,0.09547196215898211,0.676078417861678,0.5701198031292423,0.23866857762001342,0.1558511528067716,1.1080785849570223,0.9488017763412788,0.4009589426731033
0.535875047035316,0.40780908407900174,0.28717163842304955,8614.861981053064,205.9956447341521,421.8333333333333,9863.0,1.2992427321942632,0.09537188149049469,0.6776356748074115,0.5737969474147752,0.2370339419002243,0.15264272915101132,1.1307355605945357,0.9468188905674927,0.39307580981994994
0.5275313241677978,0.4008164616562158,0.2782985745973834,8348.678939346904,206.88359755408214,420.1666666666667,9974.0,1.3109288595839157,0.09385038923734264,0.6628302858098044,0.566279463174686,0.23510677821314258,0.15131013295464235,1.0639408401153923,0.9373593714433773,0.39036411410864763
0.5288960989679061,0.4006677792710912,0.27974040818374196,8391.932505104074,210.1820187246375,417.8666666666667,10212.0,1.3081897898515835,0.09740877410490999,0.6633197298706366,0.563910134018404,0.23878071792654973,0.15611442331776712,1.0763731376668852,0.9307865927715441,0.3973249695253686
0.5039450737682301,0.37767840163031413,0.2539691030120339,7618.819121258004,220.24471382816725,415.76666666666665,11429.0,1.6214957642484837,0.1185254370593263,0.5336573338086009,0.5630831778068999,0.23604204789291344,0.1950441947948443,0.9001427562808482,0.9481131517730879,0.3827830686908078
0.4252076463689752,0.32544614979427194,0.1808075694496251,5424.046275919303,210.00467086083884,420.6333333333333,10857.0,1.5028161994936864,0.09577217050649717,0.4458435910792437,0.4967518440017115,0.1968502071359272,0.15748327921982205,0.7267429521682485,0.8168170376170669,0.31983783092453627
0.3264108772603041,0.24863993775492468,0.10654761238092068,3196.3218238152394,209.15337953848092,424.76666666666665,10333.0,1.6171143049155108,0.06464870102147124,0.35737534847079916,0.3791013899175767,0.14000579720506465,0.10512835481413108,0.5916199135735778,0.6233716661188785,0.2302764728078994
0.2914096920673635,0.22570428157414238,0.0849224393787749,2547.588258923868,214.4707477177427,422.0333333333333,10387.0,1.574016521741517,0.05394076116162143,0.3247878415211403,0.3403506907219317,0.13013410153561059,0.08800541949429191,0.5126789803261157,0.5582606412480742,0.21159071158577075
0.2780035402120044,0.2165533812413715,0.07728854465522939,2318.5790511122264,214.3606668350777,421.5,10423.0,1.578491536237595,0.051066221442171655,0.31487741230878546,0.32572824157695873,0.12393760868043333,0.08414762979820711,0.5192534637940935,0.5288777967700976,0.2022308916441985
0.27708745293426307,0.21362406701805675,0.07678001590746102,2303.323697207923,211.51384942280424,425.23333333333335,10244.0,1.6246627418929163,0.04976818983994716,0.32304355491035136,0.32085402974613425,0.11787535883438549,0.08145344892436109,0.5279496834715279,0.522141329903377,0.19256556872269853
0.2822423885623555,0.21423765064336361,0.07966342134876195,2389.8229770415096,206.51297437676797,427.6333333333333,9964.0,1.6509568266950616,0.05595582593280569,0.3278992149525167,0.3227739622524087,0.11441238821614906,0.09206818365083969,0.5491922315108845,0.5354495839817331,0.18880743362465702
0.4138427810024427,0.29891568742813096,0.17127155643971706,5137.975421635072,255.2701594345399,389.1,16791.0,1.233569160853466,0.07531388337327657,0.40922245621498066,0.32399416335470926,0.2877736267551413,0.13957270624722554,0.7581499561302623,0.5958091119927289,0.4408727649607547
0.410985705386358,0.32298735651360017,0.16891488052793982,5067.277500957666,245.0193097394663,390.73333333333335,13695.0,1.1677423545103653,0.08496666084358291,0.49402506407068886,0.38168505857267576,0.2708569942624341,0.1382446790555615,0.8185755626944321,0.6261683976070065,0.4211520757951405
0.4083187817451217,0.3211203088296159,0.16672978518532652,5001.72682577461,239.48438864955307,392.6666666666667,13126.0,1.1826470344549016,0.08796168315619292,0.4905419015472089,0.3927855703163774,0.2557919693364078,0.14086930179560023,0.8075590212947349,0.653207505610419,0.4022856515310817
0.4124786894720296,0.32373769316864115,0.17014434074658788,5104.16007805689,235.12489490874356,394.4,12890.0,1.1780740453957612,0.09101648876682415,0.49314504294994005,0.40280604807347764,0.2566594392345709,0.14806434116668352,0.8150383596456505,0.6575346043488757,0.40221649922050234
0.407357081605814,0.3209992947322474,0.1659453234451873,4978.193758032174,230.3208378997533,398.3333333333333,12419.0,1.1926460847308369,0.08901719795151344,0.4889669396395119,0.408510534853023,0.24506948017108712,0.14548600282888016,0.8066320766396888,0.6590481072955304,0.3861429431746215
0.39774560746886206,0.31243545190470834,0.15820684182216813,4746.047047823222,224.43050465224613,402.73333333333335,12007.0,1.2308133306047853,0.09010855651308604,0.471849944104835,0.4117016833497118,0.23075195819807806,0.1485990355149721,0.7858221139090528,0.674168214749401,0.3647675861532401
0.7076878889386865,0.502889838147491,0.5008388427785874,15024.664444514843,202.39771413524994,425.0,9799.0,1.60972268988034,0.13977885871697487,0.8756167222845026,0.6986344429465116,0.26498208062266876,0.23506722006688183,1.4683375058232007,1.202502294471046,0.452390705934433
0.3367765420473621,0.24496784625228324,0.11342222001404578,3402.5531782013595,209.89190557505813,416.76666666666665,10589.0,1.4867525036305507,0.06727535229840048,0.39152812254546904,0.34697587221066345,0.14629130528917175,0.11405029346093247,0.6726214859407337,0.586970649941076,0.24328257656622454
0.3944828226999887,0.30117311170629646,0.15562188480151076,4668.500922160521,206.7146374083219,419.4,9999.0,1.5145439646444996,0.08640651137769619,0.4994679384787462,0.4254958600034424,0.17002155862546875,0.14180431657786213,0.8306740429965335,0.6966912850292423,0.2780981860268284
0.383740948018343,0.2912099723815759,0.1472620239201473,4417.713455580499,208.50927267770743,417.6333333333333,10201.0,1.4931299744756208,0.08581062631331554,0.4866577494395664,0.40583449539911826,0.17009252081515108,0.13972063341587643,0.8069338512752414,0.6667206404619005,0.2787616082709993
0.32440340785755223,0.24454594485267328,0.10524107906556224,3157.1271308878013,214.5953203600615,412.6333333333333,10629.0,1.4537265696534636,0.07041828565873474,0.38886541457463597,0.3435653132965622,0.1503370080308181,0.11634243008175317,0.6474952363791279,0.5729800638525777,0.24867195838322745
0.357616375267228,0.2706176202500525,0.1278937349837703,3836.684155778125,208.19150482129422,417.73333333333335,10234.0,1.4799825680025736,0.08295775541936615,0.4458269635174881,0.37755219663316064,0.15714482832468785,0.1388445016890891,0.7438747930823825,0.6222572596011735,0.2575638951216459
0.360501627847734,0.2694092589829347,0.12996575587272852,3898.8427104259827,206.86556342468464,419.0333333333333,10080.0,1.5204816352569486,0.08115989456074073,0.4645287936455097,0.37248813249076435,0.15189789919255173,0.1335796290752235,0.7734886505770745,0.6145849546991143,0.2505834464515587
0.30053416352239043,0.22359996871614346,0.09032379423724414,2709.623503323087,216.88868139869248,410.6333333333333,11142.0,1.4679766233213678,0.06468633793792815,0.33829144577772785,0.31335047033146346,0.14175165691571057,0.10796235644394028,0.5916975368401021,0.5276849668886491,0.23413427112255844
0.628381875439351,0.3938439243880647,0.39487694394547423,11845.913441420282,192.9656100979739,431.6333333333333,9930.0,1.687987526992482,0.12071033540697153,0.7008644340510582,0.5444618549193891,0.19307660480399266,0.23041472419933146,1.3674770315854294,1.0210509448512146,0.34986277559398743
0.4201150778088437,0.32296060205021254,0.17650256202106485,5294.900358069925,206.24861672133022,421.8333333333333,10013.0,1.5962611966520512,0.08845100198783563,0.5078295055231247,0.4668785818227349,0.17853676528000378,0.14694674051419482,0.8480339072446641,0.7645158549817314,0.2951206111397866
0.3815920376710234,0.29468726906318565,0.14561733712516123,4368.374496417711,210.4595136699184,420.0333333333333,10208.0,1.5924583351104233,0.0807377589228346,0.4619103631563722,0.42480896344226543,0.16487857066976333,0.1321560975650106,0.7500465661486164,0.6959713580982989,0.2707848858405325
0.3913610848192662,0.30855858860988533,0.15316860433105722,4594.9049613273855,214.01002030361062,415.43333333333334,10678.0,1.4679727023205011,0.0805857121967813,0.45823721367373843,0.44514335496597185,0.18583836231706996,0.13190750580653327,0.759936545235104,0.7246274100230784,0.3031815310072883
0.3864028102565644,0.30789150380086316,0.14931210884446536,4479.213953225116,218.21784323983962,412.3666666666667,11081.0,1.4247030365773445,0.08024628995491609,0.4207587998537634,0.4501649713611509,0.19532552022153654,0.13030671560799972,0.6890130039838195,0.7153955097769534,0.3166405865478446
0.3554041829362452,0.2798213014007322,0.1263163437933732,3789.363997457402,214.9128325280391,415.26666666666665,10498.0,1.5050913179080636,0.07649475695484903,0.40926938206335556,0.4043616740638288,0.16925170193070077,0.12444556250997207,0.6573773951748856,0.6592707840346937,0.2769020196806747
0.4870752211963301,0.3330690389067361,0.2372501794427687,7117.268133103617,228.87554507139123,402.43333333333334,13339.0,1.3894519620483392,0.08493014756163117,0.40204849344759136,0.477029174430269,0.2509007758976733,0.1716288537960541,0.766133800100022,0.8625786799292031,0.42149737180791064
0.24730807475328095,0.19620033826411173,0.061163322615594914,1834.838515145232,260.96126154473575,386.3,14191.0,1.2144793561220608,0.03723035273275642,0.1813024031364615,0.26289705969957844,0.1795734786977989,0.06017384701778596,0.2971973053337189,0.41341092681617203,0.2888664000689795
0.2278726061306549,0.1872777369448189,0.05192765554662814,1557.7777387432975,292.2070211056263,379.8333333333333,17080.0,1.0222511072209821,0.027804336962923285,0.10875604427920038,0.2074655839657936,0.20751166315788905,0.044658160181281735,0.1762494862627291,0.33179271032754065,0.32765894158466496
0.24605392703302048,0.1980288629326171,0.060544553160142976,1816.2760502511292,279.29456254989236,379.5,16431.0,1.0640507296907025,0.03192049932867077,0.1404480307898154,0.23353912852220285,0.20744604039969944,0.05161828873278904,0.237055754297435,0.3849693932812135,0.33057957333054594
0.2637288380426312,0.2088617802200821,0.06955521852260048,2086.5870004594917,270.9207113754305,381.7,15819.0,1.1061625268690278,0.038083951662912695,0.17343463151360156,0.2594590685735407,0.20832185008317308,0.0641581956943254,0.2972544168967159,0.42154242929705465,0.3313066751303687
0.3238814375972263,0.2491996946309032,0.10490268237612523,3146.9755686013805,241.9057059951756,393.6,13168.0,1.2771188727199423,0.06115206470093076,0.28278138018013704,0.34615866616075514,0.2028668128428102,0.10410069440472892,0.4822167616159691,0.5833313591645551,0.32575730880323345
0.3610748438151209,0.2782981729218519,0.13037938881574113,3911.251285083418,235.5508740201654,397.43333333333334,12626.0,1.3533409137937202,0.07298418770767069,0.3520547544595961,0.39629722823112945,0.20924885209382452,0.12104215086667791,0.575972729294082,0.6562094218856677,0.33973932695567216
0.6828180764910529,0.4457314171375213,0.4662560674518564,13987.21576748824,222.17890495641564,409.1666666666667,12871.0,1.5024761106317432,0.13938054765436705,0.6214856639375931,0.6263244932688519,0.312261501472814,0.2673323159493496,1.1546139686231225,1.1726509020360114,0.5399006510162404
0.31065981102185825,0.22515559003710237,0.09651273527531254,2895.2855455241006,229.74687648689223,408.26666666666665,13508.0,1.2936285564327588,0.049024741497428,0.2117090841856974,0.31990502429794837,0.17857647306658053,0.08922261719811216,0.4108549545456063,0.5637528079661693,0.2910417950546375
0.46857901527315976,0.35355688138396607,0.2195736126747866,6586.988806630923,229.51415396482201,407.93333333333334,12289.0,1.4565682064870387,0.1091437882127937,0.44708390765481404,0.5244787680779692,0.24914048213132545,0.18303674468556758,0.7463151024965945,0.8843391063486375,0.4002297128694288
0.3962337227741954,0.302220275397108,0.15700639661005159,4710.0348919049375,244.50759989601679,401.93333333333334,13041.0,1.4849526856823072,0.0853831144929096,0.37566088509971435,0.4344494481423045,0.22865668769232494,0.13936289497579357,0.6162858466943479,0.7284682551628919,0.36783826791735497
0.37958179497082134,0.28845982362572126,0.14408714197800324,4322.470172198119,238.2894574773444,404.3,12335.0,1.4532441996665368,0.08197867734046538,0.3741025165143881,0.41921118818719894,0.20666215423039627,0.13274556544191354,0.6120564168354102,0.701759491206289,0.33543192888582535
0.3909543353278622,0.29882743417311103,0.15285038732456135,4585.358769349516,226.744430360198,410.43333333333334,11842.0,1.3802221317440946,0.0826344173576206,0.3785999028398068,0.44362712307677626,0.2074211202906072,0.13591713342986209,0.6199596793237315,0.7395031478763829,0.33599220482212655
0.3567364548149652,0.2733661681940701,0.1272651403652952,3817.826945818491,223.17263257749656,413.8333333333333,11940.0,1.3443246707981218,0.07347825907701927,0.33539531796635613,0.4097686999848647,0.18705665603899102,0.12067603154460442,0.5474793057652668,0.6839864869864513,0.30190460657719226
0.36180828854275476,0.2759889314869531,0.13090960131161436,3927.1571297471187,218.36441654783536,417.46666666666664,11502.0,1.376457959834615,0.07280761763050095,0.3437129521814027,0.4223757907762839,0.18176140389097342,0.12028619922347647,0.5545483865488495,0.6970833161894626,0.2960300227514972
0.3174537440810827,0.23789665795778137,0.10078023897239663,3023.3063889329264,222.82585300590887,413.5,12301.0,1.3249934407066524,0.0561644705828744,0.278914667027416,0.3522635692687463,0.16959395545200828,0.09743976669425955,0.4852798462001997,0.5981155415151672,0.2745166695296844
0.5593391522516339,0.2285355011978066,0.31287071626545193,9385.808617247292,199.16365901873812,423.3666666666667,11038.0,1.4006659836344795,0.06755484566412799,0.34890314565804154,0.3350901656144701,0.1333923984586274,0.18274324986298324,0.9705344595777475,0.8644386613862124,0.338920306203395
0.1697984078083356,0.1266366012681846,0.028832460376258386,864.9449788273753,224.22455808709643,407.76666666666665,11804.0,1.4367582987334364,0.03880165879427171,0.1519893021252194,0.19088309784703097,0.08814460288702829,0.06393156190435739,0.2586890454066999,0.3165139490083647,0.14607762773741173
0.15799886421130618,0.12039827574523132,0.024964473241170806,748.909232761883,217.2281018600223,414.0333333333333,10810.0,1.5882607131535063,0.03771034157749386,0.16262931467847205,0.1824349960223264,0.07521416921788251,0.06212080320426109,0.2657425597977248,0.2989133297317414,0.12516578412638485
0.14348762171904442,0.10831723271629326,0.02058938389938423,617.6609275976275,219.64221116904,413.1666666666667,11045.0,1.556952627118586,0.03311827323896909,0.13916099564830192,0.1644911624568344,0.06842262115984261,0.054442389865953324,0.23112816838789177,0.27358197219787117,0.11438993375015515
0.14681535675927349,0.11095347645620844,0.02155546749593595,646.6424694105825,216.9701425184558,415.1666666666667,10711.0,1.5800323482161913,0.035646158810338904,0.15004304625289921,0.168758589127294,0.06843445864554067,0.05813732456006,0.24538345179070606,0.27670876042365067,0.11541527899722197
0.14201284203356704,0.10493195901126656,0.020168319579770194,605.029419073526,213.0164635573906,417.26666666666665,10440.0,1.6563428098596586,0.03642264495864423,0.15017993771408492,0.15891635621829447,0.0622712248591101,0.06026054836137095,0.24966492339021581,0.2678115743841822,0.10505703872754302
0.14285467106980182,0.10527065217139343,0.020408137317705195,612.2237113938381,214.08493199422648,417.8666666666667,10519.0,1.6495301926623995,0.035611638855546975,0.1480025787639742,0.16079282668992878,0.06289397721989647,0.058862380478047295,0.2433377317166751,0.2715209452160665,0.10606514369467561
0.6880109981724463,0.3616488361583539,0.4733749127700048,14200.774008187374,200.67373432232887,423.73333333333335,10496.0,1.4766058256612602,0.12035530578554116,0.5667285323249744,0.5229879768932985,0.21057937710949595,0.26922901020034495,1.249000046037617,1.114079767861435,0.44911997682062893
0.13033187791091935,0.09850726167727308,0.016986964631941187,509.59195199360363,258.1447198330742,386.6333333333333,14434.0,1.2158691092111238,0.018695886692018604,0.09157967789908592,0.13124358647288853,0.09081634544969971,0.0306690481023591,0.16324523932018803,0.22064191333148153,0.14814994857440988
0.22575977147034107,0.14699946498174954,0.05096917338678685,1529.0242324302187,229.50236755967924,408.6,12649.0,1.479153019247717,0.032213622769169815,0.1868860438931281,0.21492040357807327,0.10753722281689865,0.06177466288171649,0.35582676933178986,0.39591097771839534,0.1855262411374681
0.3078926115697115,0.22175564429375882,0.09480102029322701,2843.935807776517,222.2715256694739,414.46666666666664,10890.0,1.5055651565685981,0.05313253040331569,0.3072678259028649,0.3354685451657377,0.13777761122350204,0.0906371286202089,0.5245536650858481,0.5724396994876843,0.23574678956717526
0.3838351059945051,0.2794185854725894,0.14733429973713752,4419.881657814389,218.12665605840928,418.09999999999997,10542.0,1.5094774826643922,0.06861284654934727,0.39441731377277395,0.42489983322372704,0.16924119001442622,0.11481052138120348,0.6675713216425035,0.7207492402827268,0.28784574402117236
0.47748578000833236,0.3457940669109397,0.22800027011916954,6839.780103304967,214.88629624512382,420.73333333333335,10504.0,1.4983709858310148,0.08438035804387926,0.48507259114001594,0.5331690601936976,0.20320314058726047,0.1400203068327246,0.7982642956143566,0.8973734992918935,0.3469495439652751
0.7662122230529879,0.5757957633837416,0.5871007407804943,17612.43512267405,211.97217432404773,423.0333333333333,10261.0,1.5366282070812454,0.1606784131141195,0.7954236886894942,0.8975534854143877,0.32825529830120664,0.2650470555672106,1.3039681567390313,1.483642130505715,0.5517640696313515
0.5784867846566967,0.4333741515648646,0.3346581152929531,10039.4088006733,215.75409652656893,421.93333333333334,10271.0,1.547625023801946,0.10628369996010704,0.615681997618726,0.6652485566083921,0.2498639654263827,0.1743220323552723,0.9999074326219026,1.1088265709637015,0.42060079227303393
0.5072840423874811,0.3821801814819874,0.2573456778502454,7720.112989829513,214.13510681389522,421.0,10292.0,1.5596789517942846,0.09456521772426073,0.5556559644881873,0.5824474797543526,0.21826593704865305,0.15818558767910948,0.9259500511425174,0.9620494080297247,0.3638937124748839
0.4636356738873307,0.3457229550576967,0.21496520360774615,6448.741143028777,216.6231648808106,419.8333333333333,10563.0,1.551815538459358,0.07911826821252473,0.5077554010524387,0.5187075745446895,0.20277927552554756,0.1324489316728613,0.8416094692142645,0.8636751943853244,0.339044965802782
0.5253992345173112,0.3461903168538211,0.27605355741662374,8281.330668941295,215.14011972630007,418.6333333333333,11533.0,1.5397493248608738,0.08077522627558463,0.4803418203213689,0.5184481833475918,0.21141772728486585,0.15227819076898091,0.8805394133047657,0.9565722485447595,0.3744479854115115
0.3028716294582146,0.16923334310524143,0.09173428174006538,2751.9367179202213,227.5543273956909,408.5333333333333,15348.0,1.4643039277884244,0.033070667463919574,0.1883954209543775,0.22980779133042592,0.13765853949171084,0.071375350536174,0.4400368612442902,0.5088551579408394,0.2447272566347435
0.11491093021622532,0.0926377313430473,0.013204962048559825,396.1356564947462,295.08593700964605,376.3,17389.0,0.9977498879596918,0.01376094260583926,0.06052177534783266,0.1012649320433909,0.10379172665640407,0.0228549025217134,0.09979803494608905,0.1632165415007184,0.16682632317735674
0.11236025342260465,0.09034151297228334,0.012625247390771633,378.7447964757582,304.68547844979463,376.93333333333334,18319.0,0.9410462205744832,0.012658461544901991,0.05517525883597497,0.09090942965035205,0.10566168544490963,0.020666510978323057,0.0889481806394982,0.14688957021170762,0.1689404992162765
0.15278254801245267,0.11393751083025519,0.023343285086680297,700.2752093153222,267.5757758722916,381.06666666666666,15850.0,1.1668929034589415,0.020474042667877623,0.11278108810925361,0.13879653779469142,0.1113139647626152,0.03558851556314784,0.2040909444371898,0.2389492158071585,0.17963291391898636
0.13124043038101138,0.10372623288576455,0.017224624720750453,516.7215169977928,273.25047713517836,378.73333333333335,15617.0,1.0899576957780128,0.018874325197007987,0.09490851297874138,0.12675860611380477,0.1044299563139743,0.030116596069058525,0.15698813311910131,0.2092684013615111,0.16771389567867975
0.14972714452173086,0.11556732673297482,0.02241896510546813,672.5465341989384,261.0324212104096,384.1,14736.0,1.1756903755056323,0.021405978704944255,0.12088288415102619,0.15043354190026387,0.10564987698301037,0.034528206352486435,0.20783390970496227,0.2470936234540068,0.16956932993014626
0.11794223370739164,0.0922735174630632,0.013910834186361867,417.31111475666967,290.65878160325303,375.1,16931.0,1.0451267432771703,0.015250922983100556,0.07138136635825754,0.1042886883009992,0.09996500235880952,0.025164707526271334,0.11664040293571296,0.16844937801158824,0.16293645832848297
0.11671117487189561,0.09227082359469588,0.013621952405058365,408.6449501993459,289.60268637623335,374.5333333333333,16811.0,1.0379276633997758,0.015522998048731623,0.0760422745706549,0.10393695160102055,0.09951994721042387,0.02617225074149031,0.1292580546020784,0.17248529214370129,0.16044336014670355
0.7677548447665735,0.4527413475535823,0.5894671505675642,17683.425049876358,207.4900867768887,419.1333333333333,11706.0,1.5838372117191832,0.1484392440830729,0.6775161844575267,0.6683114402083626,0.26774233278033793,0.2886385679651635,1.3207956764630668,1.3301141400211671,0.5135898253896007
0.4390682554715809,0.3217083091265896,0.19278735920816437,5783.427988885723,213.5843285862507,414.59999999999997,10329.0,1.5300152752081786,0.10096289163779405,0.4929873095960498,0.47180255779791463,0.19239677707298322,0.16817223108140256,0.8043678613034261,0.7951213116372878,0.3257746078843571
0.30893539132935205,0.22438478228381187,0.09544425749106959,2863.232280474597,222.12253330734455,407.8,11294.0,1.4882805608400562,0.06838105317518177,0.3356707628345455,0.3211824482170795,0.14806727475120962,0.11551488608324097,0.5684845919162003,0.5436932502425866,0.2495242180775953
0.23048740645049973,0.17249031312023635,0.053126215406124735,1593.733335968336,237.29323226598117,396.9,12544.0,1.3751331088538972,0.04604972149849971,0.23575323159955938,0.2412947934617111,0.12917245057789065,0.0765082809862784,0.39795975627980545,0.4046564454258563,0.2121584022332634
0.17119218125879546,0.13318981650294662,0.029307739848805903,879.2028877243283,263.24300097228496,381.1,14349.0,1.2060430509264772,0.028301913017403976,0.15076805561090167,0.17200978911354975,0.12076945464728536,0.047475033104016365,0.2541549510068779,0.28099997222380685,0.19654527045744366
0.14846163543675236,0.11611307947770311,0.022041591916285703,661.2257158966548,269.0917687890925,378.43333333333334,14665.0,1.1762835565500815,0.023575982963363263,0.11969606537450188,0.1498182278958684,0.10873503002095501,0.03927225509140808,0.1965882096924036,0.24470516397102468,0.17749963441495512
0.12760433287984796,0.0991401390295748,0.016283408549996048,488.4859730913314,261.2189783668657,384.4,14237.0,1.2374455613363795,0.020022061276021665,0.10444191756120141,0.1307034432231807,0.0894664294295204,0.03625600682659067,0.18011584548929604,0.21437904077301173,0.14423362346330748
0.1449682575175894,0.11479460616569818,0.021016496237560703,630.4738706305835,261.77499521086503,385.5333333333333,13896.0,1.2409265575331334,0.021900673142053028,0.10921372007874247,0.15547240925255285,0.1018570217269359,0.03609732601624371,0.1872266992838176,0.2518097557211839,0.16529237028704055
0.6674845541789995,0.489315461603812,0.4455504817502627,13366.06890202613,274.0932209340127,379.8,17505.0,1.1598496723600495,0.10157447305615627,0.4897277355002436,0.542926545070129,0.5022973252089006,0.1888545678240165,0.9218285678337624,0.9663448104024961,0.8183291739475129
0.6020855869858259,0.4709865811902329,0.36251913802733415,10875.211621681998,294.26776242125356,376.5333333333333,19364.0,0.9581273392154634,0.0803864627159514,0.3722334140575232,0.46169635958282446,0.5425130164814086,0.14266391760272076,0.6617670974967258,0.7993655040951769,0.8571595985253341
0.526302545720321,0.4302153357426654,0.2770036030851267,8309.831088950716,323.4116271759822,385.8666666666667,21171.0,0.8240722221295359,0.05217742645438707,0.24721291774002846,0.3563749488953572,0.5434025838272685,0.086317359485933,0.4060601176888508,0.5975922511097822,0.8495072266201628
0.5127511054132927,0.4229454270603267,0.2629224601845598,7887.410883076609,325.6564930198885,385.9,21292.0,0.8246864050751175,0.049212311383736676,0.22930588174154343,0.34333039311768115,0.5366159544947169,0.081655787379285,0.3687010937849714,0.5462050473431749,0.8368212775450444
0.5230513294661973,0.4249950786834218,0.27359181298345586,8207.480797690692,320.07504079466145,383.96666666666664,21251.0,0.8288985568381241,0.04830517728191108,0.24409954742891488,0.3469344252106332,0.5367436411842469,0.08143453178051728,0.40499547769150773,0.6054450255537303,0.838542525908701
0.5179452363450417,0.4272878665025055,0.2682762103928676,8048.018035575635,319.9865113046347,381.8333333333333,20622.0,0.8692087670592418,0.0504290747550982,0.23089061127917623,0.36647905286783344,0.5346400451324891,0.07972958537623837,0.37628033188608245,0.5559438491223667,0.8347156290201816
0.5136788339114031,0.42363015118096,0.2638747402332533,7915.978332257365,322.7488994020185,383.8333333333333,20754.0,0.8542924950873413,0.048173659149694896,0.22786135584681988,0.35663671585532425,0.5348225436061168,0.07641680960275872,0.3620361572074087,0.5391925990378276,0.8337214058863005
0.32481925415420687,0.2261138106014344,0.10551106490479205,3165.2264360788568,222.75326343053302,406.6666666666667,13123.0,1.515198376055781,0.07301663781851436,0.2971841049278913,0.3112745115622221,0.1627922039878909,0.1361394488940993,0.5513806518756644,0.5600090620433857,0.26985562170304955
0.40184755869681876,0.30474157539473684,0.16148684332537072,4844.443812917796,213.93184343519715,414.6666666666667,10763.0,1.5211717038931778,0.10386271248902922,0.47929966149915015,0.42662743201130277,0.19445352950470696,0.16988918168506834,0.7884816256258655,0.705189270710894,0.31763205068151656
0.3927690328403603,0.3002216843980628,0.15427265558020473,4628.025394750562,207.13625955784894,417.9,10417.0,1.4721915532689547,0.10690107365669795,0.4822845026343046,0.4226148116958824,0.18366155999602718,0.1756274508170726,0.7926888773116327,0.6923567848800817,0.30028908899726736
0.35820769028756216,0.2715859972568737,0.12831702661537056,3849.3824814345016,211.80675060411716,414.76666666666665,10919.0,1.4608627927987607,0.09092878622296323,0.42231942078873147,0.38024188659005753,0.1755320650873905,0.14787449579349568,0.7005937411112682,0.6301807089835126,0.28647609212114306
0.36211015917116784,0.2751277512588192,0.13112813831291228,3933.713021249055,216.0224697905332,412.06666666666666,11240.0,1.4687105249027608,0.09442996733181415,0.4312326046442088,0.3839115997245073,0.18228506415776152,0.15262328419403745,0.7056869952837266,0.6314228791479316,0.2957998364997125
0.36792124502922513,0.28020162100702833,0.13537055489568497,4060.9812763156538,226.2419377121273,407.23333333333335,11877.0,1.5754914275896779,0.09334462843458075,0.4420777674754445,0.38158736184134084,0.19069863653154873,0.15489395934005257,0.7285449670465741,0.6287109490134595,0.30846947878551445
0.3303601330640869,0.24567308176396133,0.1091414555666401,3274.1345255436363,229.7577682680811,403.0,12900.0,1.5394417958126947,0.08003982738979493,0.37549436263922836,0.32476685598724875,0.17804053461236274,0.13577659316123408,0.6324496712073032,0.5546793052892174,0.2859346849199947
