ID,Task,Number,STAI_Total,Fatigue,Stress,Mental_Demand,Physical_Demand,Frustration,NASA_Total,PSS,NARS_S1,NARS_S2,NARS_S3,Age,Sex,Experience
8.0,MANUAL,0,39.0,2.0,8.0,6.0,6.0,1.0,72,16,9,9,9,26.0,1,1.0
8.0,MANUAL,1,51.0,2.0,13.0,4.0,5.0,1.0,71,16,9,9,9,26.0,1,1.0
8.0,MANUAL,2,42.0,2.0,10.0,4.0,4.0,2.0,72,16,9,9,9,26.0,1,1.0
8.0,MANUAL,3,36.0,1.0,9.0,3.0,3.0,1.0,55,16,9,9,9,26.0,1,1.0
8.0,MANUAL,4,50.0,2.0,12.0,3.0,2.0,4.0,64,16,9,9,9,26.0,1,1.0
8.0,MANUAL,5,36.0,1.0,7.0,3.0,2.0,1.0,22,16,9,9,9,26.0,1,1.0
8.0,MANUAL,6,51.0,2.0,11.0,2.0,3.0,1.0,23,16,9,9,9,26.0,1,1.0
8.0,MANUAL,7,40.0,2.0,10.0,4.0,4.0,3.0,55,16,9,9,9,26.0,1,1.0
8.0,MANUAL,8,41.0,1.0,8.0,3.0,3.0,2.0,62,16,9,9,9,26.0,1,1.0
8.0,MANUAL,9,39.0,2.0,7.0,2.0,3.0,1.0,43,16,9,9,9,26.0,1,1.0
8.0,MANUAL,10,39.0,2.0,10.0,2.0,2.0,2.0,34,16,9,9,9,26.0,1,1.0
8.0,MANUAL,11,40.0,2.0,10.0,4.0,4.0,2.0,53,16,9,9,9,26.0,1,1.0
8.0,MANUAL,12,46.0,3.0,11.0,1.0,2.0,3.0,22,16,9,9,9,26.0,1,1.0
8.0,MANUAL,13,43.0,2.0,10.0,1.0,2.0,3.0,30,16,9,9,9,26.0,1,1.0
8.0,MANUAL,14,39.0,2.0,10.0,3.0,2.0,4.0,18,16,9,9,9,26.0,1,1.0
8.0,COBOT,0,41.0,1.0,8.0,4.0,1.0,2.0,63,16,9,9,9,26.0,1,1.0
8.0,COBOT,1,40.0,1.0,7.0,5.0,1.0,1.0,66,16,9,9,9,26.0,1,1.0
8.0,COBOT,2,37.0,1.0,6.0,4.0,1.0,1.0,60,16,9,9,9,26.0,1,1.0
8.0,COBOT,3,40.0,1.0,8.0,4.0,1.0,2.0,57,16,9,9,9,26.0,1,1.0
8.0,COBOT,4,44.0,1.0,8.0,5.0,1.0,2.0,73,16,9,9,9,26.0,1,1.0
8.0,COBOT,5,38.0,1.0,6.0,4.0,2.0,1.0,55,16,9,9,9,26.0,1,1.0
8.0,COBOT,6,43.0,2.0,10.0,4.0,2.0,1.0,54,16,9,9,9,26.0,1,1.0
8.0,COBOT,7,38.0,1.0,7.0,3.0,1.0,1.0,48,16,9,9,9,26.0,1,1.0
8.0,COBOT,8,36.0,1.0,6.0,2.0,1.0,1.0,38,16,9,9,9,26.0,1,1.0
8.0,COBOT,9,38.0,1.0,6.0,2.0,2.0,1.0,24,16,9,9,9,26.0,1,1.0
8.0,COBOT,10,40.0,2.0,7.0,2.0,3.0,2.0,44,16,9,9,9,26.0,1,1.0
8.0,COBOT,11,40.0,2.0,7.0,2.0,3.0,1.0,45,16,9,9,9,26.0,1,1.0
8.0,COBOT,12,40.0,2.0,7.0,2.0,4.0,2.0,56,16,9,9,9,26.0,1,1.0
8.0,COBOT,13,46.0,3.0,9.0,1.0,3.0,4.0,36,16,9,9,9,26.0,1,1.0
8.0,COBOT,14,40.0,2.0,7.0,2.0,2.0,4.0,44,16,9,9,9,26.0,1,1.0
8.0,STROOP,0,35.0,1.0,8.0,5.0,1.0,4.0,53,16,9,9,9,26.0,1,1.0
8.0,STROOP,1,42.0,1.0,7.0,5.0,1.0,2.0,61,16,9,9,9,26.0,1,1.0
8.0,STROOP,2,57.0,2.0,13.0,5.0,1.0,6.0,71,16,9,9,9,26.0,1,1.0
8.0,STROOP,3,55.0,2.0,14.0,5.0,1.0,7.0,86,16,9,9,9,26.0,1,1.0
2.0,MANUAL,0,45.0,1.0,11.0,6.0,3.0,4.0,52,10,19,13,8,26.0,0,1.0
2.0,MANUAL,1,46.0,1.0,12.0,5.0,3.0,4.0,56,10,19,13,8,26.0,0,1.0
2.0,MANUAL,2,50.0,3.0,14.0,6.0,4.0,5.0,73,10,19,13,8,26.0,0,1.0
2.0,MANUAL,3,54.0,3.0,16.0,6.0,5.0,5.0,74,10,19,13,8,26.0,0,1.0
2.0,MANUAL,4,52.0,3.0,14.0,5.0,5.0,5.0,66,10,19,13,8,26.0,0,1.0
2.0,MANUAL,5,53.0,3.0,13.0,4.0,5.0,6.0,70,10,19,13,8,26.0,0,1.0
2.0,MANUAL,6,55.0,4.0,14.0,5.0,5.0,6.0,71,10,19,13,8,26.0,0,1.0
2.0,MANUAL,7,53.0,3.0,13.0,4.0,5.0,7.0,61,10,19,13,8,26.0,0,1.0
2.0,MANUAL,8,54.0,3.0,15.0,5.0,6.0,7.0,76,10,19,13,8,26.0,0,1.0
2.0,MANUAL,9,43.0,2.0,8.0,3.0,6.0,7.0,65,10,19,13,8,26.0,0,1.0
2.0,MANUAL,10,43.0,2.0,8.0,4.0,6.0,7.0,63,10,19,13,8,26.0,0,1.0
2.0,MANUAL,11,40.0,1.0,6.0,3.0,5.0,7.0,65,10,19,13,8,26.0,0,1.0
2.0,MANUAL,12,43.0,2.0,8.0,2.0,6.0,7.0,67,10,19,13,8,26.0,0,1.0
2.0,MANUAL,13,43.0,1.0,7.0,3.0,6.0,7.0,65,10,19,13,8,26.0,0,1.0
2.0,COBOT,0,40.0,1.0,7.0,3.0,3.0,1.0,31,10,19,13,8,26.0,0,1.0
2.0,COBOT,1,43.0,3.0,8.0,4.0,4.0,1.0,43,10,19,13,8,26.0,0,1.0
2.0,COBOT,2,40.0,1.0,6.0,4.0,4.0,1.0,40,10,19,13,8,26.0,0,1.0
2.0,COBOT,3,40.0,1.0,6.0,4.0,4.0,2.0,36,10,19,13,8,26.0,0,1.0
2.0,COBOT,4,40.0,1.0,6.0,5.0,4.0,2.0,50,10,19,13,8,26.0,0,1.0
2.0,COBOT,5,40.0,1.0,6.0,4.0,5.0,2.0,44,10,19,13,8,26.0,0,1.0
2.0,COBOT,6,40.0,1.0,6.0,5.0,4.0,2.0,46,10,19,13,8,26.0,0,1.0
2.0,COBOT,7,40.0,1.0,6.0,3.0,5.0,2.0,41,10,19,13,8,26.0,0,1.0
2.0,COBOT,8,40.0,1.0,6.0,3.0,4.0,2.0,34,10,19,13,8,26.0,0,1.0
2.0,COBOT,9,40.0,1.0,6.0,2.0,4.0,2.0,33,10,19,13,8,26.0,0,1.0
2.0,COBOT,10,40.0,1.0,6.0,3.0,3.0,2.0,26,10,19,13,8,26.0,0,1.0
2.0,COBOT,11,42.0,1.0,7.0,5.0,3.0,2.0,36,10,19,13,8,26.0,0,1.0
2.0,COBOT,12,41.0,1.0,7.0,5.0,4.0,2.0,44,10,19,13,8,26.0,0,1.0
2.0,COBOT,13,45.0,2.0,10.0,5.0,5.0,3.0,54,10,19,13,8,26.0,0,1.0
2.0,COBOT,14,48.0,3.0,11.0,6.0,5.0,2.0,65,10,19,13,8,26.0,0,1.0
2.0,STROOP,0,44.0,1.0,10.0,6.0,1.0,2.0,65,10,19,13,8,26.0,0,1.0
2.0,STROOP,1,41.0,1.0,10.0,6.0,2.0,5.0,71,10,19,13,8,26.0,0,1.0
2.0,STROOP,2,34.0,1.0,6.0,5.0,1.0,1.0,38,10,19,13,8,26.0,0,1.0
2.0,STROOP,3,42.0,2.0,10.0,5.0,2.0,4.0,64,10,19,13,8,26.0,0,1.0
6.0,MANUAL,0,51.0,2.0,11.0,3.0,2.0,3.0,42,13,8,8,8,27.0,0,1.0
6.0,MANUAL,1,39.0,2.0,7.0,3.0,2.0,3.0,45,13,8,8,8,27.0,0,1.0
6.0,MANUAL,2,38.0,2.0,7.0,3.0,2.0,3.0,38,13,8,8,8,27.0,0,1.0
6.0,MANUAL,3,45.0,2.0,9.0,3.0,2.0,3.0,41,13,8,8,8,27.0,0,1.0
6.0,MANUAL,4,39.0,1.0,6.0,3.0,2.0,3.0,37,13,8,8,8,27.0,0,1.0
6.0,MANUAL,6,34.0,2.0,8.0,3.0,2.0,3.0,41,13,8,8,8,27.0,0,1.0
6.0,MANUAL,7,38.0,2.0,7.0,2.0,1.0,4.0,34,13,8,8,8,27.0,0,1.0
6.0,MANUAL,8,34.0,2.0,7.0,2.0,1.0,3.0,31,13,8,8,8,27.0,0,1.0
6.0,MANUAL,9,33.0,1.0,6.0,2.0,2.0,3.0,32,13,8,8,8,27.0,0,1.0
6.0,MANUAL,10,35.0,2.0,7.0,2.0,2.0,3.0,27,13,8,8,8,27.0,0,1.0
6.0,MANUAL,11,32.0,2.0,7.0,2.0,2.0,3.0,31,13,8,8,8,27.0,0,1.0
6.0,MANUAL,12,37.0,3.0,8.0,2.0,3.0,3.0,32,13,8,8,8,27.0,0,1.0
6.0,MANUAL,13,37.0,3.0,8.0,2.0,3.0,3.0,35,13,8,8,8,27.0,0,1.0
6.0,MANUAL,14,33.0,2.0,7.0,2.0,3.0,3.0,35,13,8,8,8,27.0,0,1.0
6.0,COBOT,0,42.0,1.0,8.0,2.0,2.0,3.0,36,13,8,8,8,27.0,0,1.0
6.0,COBOT,1,41.0,1.0,7.0,2.0,2.0,3.0,41,13,8,8,8,27.0,0,1.0
6.0,COBOT,2,40.0,1.0,6.0,2.0,1.0,4.0,35,13,8,8,8,27.0,0,1.0
6.0,COBOT,3,41.0,1.0,6.0,2.0,2.0,4.0,45,13,8,8,8,27.0,0,1.0
6.0,COBOT,4,42.0,2.0,8.0,3.0,3.0,4.0,50,13,8,8,8,27.0,0,1.0
6.0,COBOT,5,47.0,2.0,9.0,3.0,3.0,4.0,50,13,8,8,8,27.0,0,1.0
6.0,COBOT,6,48.0,2.0,10.0,2.0,2.0,4.0,40,13,8,8,8,27.0,0,1.0
6.0,COBOT,7,49.0,2.0,10.0,2.0,2.0,5.0,50,13,8,8,8,27.0,0,1.0
6.0,COBOT,8,39.0,1.0,6.0,2.0,1.0,3.0,30,13,8,8,8,27.0,0,1.0
6.0,COBOT,9,43.0,1.0,7.0,2.0,1.0,3.0,33,13,8,8,8,27.0,0,1.0
6.0,COBOT,10,45.0,2.0,8.0,2.0,2.0,4.0,38,13,8,8,8,27.0,0,1.0
6.0,COBOT,11,44.0,2.0,8.0,2.0,2.0,5.0,47,13,8,8,8,27.0,0,1.0
6.0,COBOT,12,46.0,2.0,8.0,3.0,3.0,5.0,50,13,8,8,8,27.0,0,1.0
6.0,COBOT,13,44.0,3.0,8.0,3.0,3.0,5.0,46,13,8,8,8,27.0,0,1.0
6.0,COBOT,14,40.0,3.0,9.0,2.0,3.0,6.0,57,13,8,8,8,27.0,0,1.0
6.0,STROOP,0,51.0,1.0,13.0,3.0,1.0,4.0,51,13,8,8,8,27.0,0,1.0
6.0,STROOP,1,53.0,1.0,13.0,2.0,1.0,4.0,50,13,8,8,8,27.0,0,1.0
6.0,STROOP,2,32.0,1.0,6.0,3.0,1.0,1.0,38,13,8,8,8,27.0,0,1.0
6.0,STROOP,3,40.0,1.0,6.0,3.0,1.0,3.0,42,13,8,8,8,27.0,0,1.0
7.0,MANUAL,0,40.0,1.0,10.0,1.0,3.0,1.0,10,13,12,16,9,35.0,1,1.0
7.0,MANUAL,1,41.0,1.0,10.0,1.0,2.0,1.0,3,13,12,16,9,35.0,1,1.0
7.0,MANUAL,2,41.0,2.0,10.0,1.0,2.0,1.0,3,13,12,16,9,35.0,1,1.0
7.0,MANUAL,3,39.0,2.0,9.0,1.0,2.0,1.0,4,13,12,16,9,35.0,1,1.0
7.0,MANUAL,4,41.0,3.0,11.0,1.0,2.0,1.0,4,13,12,16,9,35.0,1,1.0
7.0,MANUAL,5,40.0,3.0,9.0,1.0,2.0,2.0,3,13,12,16,9,35.0,1,1.0
7.0,MANUAL,6,38.0,2.0,9.0,1.0,2.0,2.0,7,13,12,16,9,35.0,1,1.0
7.0,MANUAL,7,41.0,2.0,10.0,1.0,2.0,1.0,3,13,12,16,9,35.0,1,1.0
7.0,MANUAL,8,40.0,2.0,11.0,1.0,2.0,1.0,4,13,12,16,9,35.0,1,1.0
7.0,MANUAL,9,38.0,2.0,8.0,1.0,2.0,1.0,3,13,12,16,9,35.0,1,1.0
7.0,MANUAL,10,39.0,3.0,10.0,1.0,2.0,2.0,4,13,12,16,9,35.0,1,1.0
7.0,MANUAL,11,39.0,3.0,10.0,2.0,2.0,2.0,6,13,12,16,9,35.0,1,1.0
7.0,MANUAL,12,38.0,3.0,8.0,1.0,2.0,2.0,4,13,12,16,9,35.0,1,1.0
7.0,MANUAL,13,37.0,3.0,8.0,2.0,2.0,2.0,6,13,12,16,9,35.0,1,1.0
7.0,COBOT,0,30.0,1.0,6.0,3.0,1.0,5.0,55,13,12,16,9,35.0,1,1.0
7.0,COBOT,1,29.0,1.0,6.0,4.0,2.0,1.0,34,13,12,16,9,35.0,1,1.0
7.0,COBOT,2,32.0,1.0,6.0,4.0,5.0,1.0,72,13,12,16,9,35.0,1,1.0
7.0,COBOT,3,28.0,1.0,6.0,4.0,4.0,5.0,48,13,12,16,9,35.0,1,1.0
7.0,COBOT,4,27.0,1.0,6.0,4.0,2.0,1.0,31,13,12,16,9,35.0,1,1.0
7.0,COBOT,5,28.0,1.0,6.0,4.0,2.0,1.0,32,13,12,16,9,35.0,1,1.0
7.0,COBOT,6,27.0,1.0,6.0,4.0,1.0,1.0,25,13,12,16,9,35.0,1,1.0
7.0,COBOT,7,27.0,1.0,6.0,3.0,1.0,1.0,20,13,12,16,9,35.0,1,1.0
7.0,COBOT,8,28.0,1.0,6.0,4.0,1.0,1.0,18,13,12,16,9,35.0,1,1.0
7.0,COBOT,9,30.0,1.0,6.0,2.0,1.0,1.0,5,13,12,16,9,35.0,1,1.0
7.0,COBOT,10,29.0,1.0,6.0,2.0,1.0,1.0,7,13,12,16,9,35.0,1,1.0
7.0,COBOT,11,31.0,2.0,7.0,2.0,1.0,1.0,4,13,12,16,9,35.0,1,1.0
7.0,COBOT,12,30.0,2.0,7.0,2.0,1.0,1.0,4,13,12,16,9,35.0,1,1.0
7.0,COBOT,13,30.0,2.0,7.0,2.0,1.0,1.0,4,13,12,16,9,35.0,1,1.0
7.0,STROOP,0,41.0,1.0,10.0,3.0,5.0,1.0,40,13,12,16,9,35.0,1,1.0
7.0,STROOP,1,40.0,1.0,8.0,5.0,6.0,2.0,74,13,12,16,9,35.0,1,1.0
7.0,STROOP,2,30.0,1.0,6.0,6.0,5.0,2.0,67,13,12,16,9,35.0,1,1.0
7.0,STROOP,3,30.0,1.0,6.0,6.0,6.0,4.0,82,13,12,16,9,35.0,1,1.0
5.0,MANUAL,0,31.0,1.0,6.0,4.0,1.0,2.0,44,14,9,11,12,29.0,1,2.0
5.0,MANUAL,1,29.0,1.0,6.0,3.0,1.0,1.0,16,14,9,11,12,29.0,1,2.0
5.0,MANUAL,2,30.0,1.0,6.0,2.0,1.0,1.0,13,14,9,11,12,29.0,1,2.0
5.0,MANUAL,3,30.0,1.0,6.0,1.0,1.0,1.0,16,14,9,11,12,29.0,1,2.0
5.0,MANUAL,4,29.0,1.0,6.0,1.0,2.0,1.0,2,14,9,11,12,29.0,1,2.0
5.0,MANUAL,5,25.0,1.0,6.0,1.0,2.0,1.0,3,14,9,11,12,29.0,1,2.0
5.0,MANUAL,6,25.0,1.0,6.0,1.0,1.0,1.0,0,14,9,11,12,29.0,1,2.0
5.0,MANUAL,7,29.0,1.0,6.0,1.0,1.0,1.0,0,14,9,11,12,29.0,1,2.0
5.0,MANUAL,8,25.0,1.0,6.0,1.0,2.0,1.0,7,14,9,11,12,29.0,1,2.0
5.0,MANUAL,9,30.0,1.0,6.0,1.0,2.0,2.0,11,14,9,11,12,29.0,1,2.0
5.0,MANUAL,10,29.0,1.0,6.0,2.0,2.0,1.0,3,14,9,11,12,29.0,1,2.0
5.0,MANUAL,11,30.0,2.0,7.0,2.0,2.0,2.0,16,14,9,11,12,29.0,1,2.0
5.0,MANUAL,12,35.0,2.0,7.0,2.0,3.0,2.0,22,14,9,11,12,29.0,1,2.0
5.0,MANUAL,13,39.0,3.0,10.0,3.0,2.0,3.0,25,14,9,11,12,29.0,1,2.0
5.0,MANUAL,14,44.0,3.0,12.0,3.0,3.0,4.0,37,14,9,11,12,29.0,1,2.0
5.0,COBOT,0,30.0,1.0,6.0,2.0,1.0,1.0,25,14,9,11,12,29.0,1,2.0
5.0,COBOT,1,25.0,1.0,6.0,2.0,1.0,1.0,8,14,9,11,12,29.0,1,2.0
5.0,COBOT,2,34.0,1.0,8.0,2.0,1.0,2.0,17,14,9,11,12,29.0,1,2.0
5.0,COBOT,3,28.0,1.0,6.0,1.0,1.0,1.0,0,14,9,11,12,29.0,1,2.0
5.0,COBOT,4,25.0,1.0,6.0,1.0,1.0,1.0,0,14,9,11,12,29.0,1,2.0
5.0,COBOT,5,40.0,1.0,9.0,1.0,2.0,2.0,7,14,9,11,12,29.0,1,2.0
5.0,COBOT,6,40.0,2.0,9.0,2.0,2.0,2.0,15,14,9,11,12,29.0,1,2.0
5.0,COBOT,7,33.0,2.0,7.0,2.0,2.0,3.0,21,14,9,11,12,29.0,1,2.0
5.0,COBOT,8,30.0,1.0,6.0,1.0,1.0,1.0,3,14,9,11,12,29.0,1,2.0
5.0,COBOT,9,26.0,1.0,6.0,1.0,2.0,1.0,5,14,9,11,12,29.0,1,2.0
5.0,COBOT,10,27.0,2.0,7.0,1.0,1.0,1.0,0,14,9,11,12,29.0,1,2.0
5.0,COBOT,11,29.0,2.0,7.0,1.0,2.0,1.0,10,14,9,11,12,29.0,1,2.0
5.0,COBOT,12,33.0,2.0,7.0,1.0,2.0,1.0,5,14,9,11,12,29.0,1,2.0
5.0,COBOT,13,30.0,2.0,7.0,1.0,2.0,2.0,6,14,9,11,12,29.0,1,2.0
5.0,COBOT,14,27.0,1.0,6.0,1.0,2.0,1.0,5,14,9,11,12,29.0,1,2.0
5.0,STROOP,0,30.0,1.0,7.0,5.0,1.0,1.0,30,14,9,11,12,29.0,1,2.0
5.0,STROOP,1,33.0,1.0,8.0,6.0,1.0,4.0,64,14,9,11,12,29.0,1,2.0
5.0,STROOP,2,28.0,1.0,6.0,2.0,1.0,1.0,13,14,9,11,12,29.0,1,2.0
5.0,STROOP,3,37.0,1.0,9.0,4.0,1.0,3.0,40,14,9,11,12,29.0,1,2.0
10.0,MANUAL,0,29.0,1.0,8.0,2.0,2.0,2.0,34,14,10,17,10,37.0,1,2.0
10.0,MANUAL,1,29.0,1.0,7.0,2.0,2.0,2.0,34,14,10,17,10,37.0,1,2.0
10.0,MANUAL,2,33.0,1.0,9.0,2.0,3.0,1.0,31,14,10,17,10,37.0,1,2.0
10.0,MANUAL,3,33.0,2.0,10.0,2.0,4.0,1.0,41,14,10,17,10,37.0,1,2.0
10.0,MANUAL,4,31.0,2.0,10.0,3.0,2.0,3.0,37,14,10,17,10,37.0,1,2.0
10.0,MANUAL,5,35.0,2.0,12.0,2.0,3.0,2.0,35,14,10,17,10,37.0,1,2.0
10.0,MANUAL,6,27.0,2.0,8.0,2.0,4.0,2.0,43,14,10,17,10,37.0,1,2.0
10.0,MANUAL,7,35.0,2.0,11.0,2.0,4.0,2.0,36,14,10,17,10,37.0,1,2.0
10.0,MANUAL,8,32.0,2.0,10.0,2.0,4.0,2.0,43,14,10,17,10,37.0,1,2.0
10.0,MANUAL,9,31.0,2.0,10.0,2.0,4.0,2.0,43,14,10,17,10,37.0,1,2.0
10.0,MANUAL,10,34.0,2.0,10.0,2.0,4.0,2.0,43,14,10,17,10,37.0,1,2.0
10.0,MANUAL,11,34.0,2.0,10.0,2.0,4.0,3.0,45,14,10,17,10,37.0,1,2.0
10.0,MANUAL,12,35.0,2.0,10.0,2.0,4.0,3.0,45,14,10,17,10,37.0,1,2.0
10.0,MANUAL,13,36.0,2.0,10.0,2.0,4.0,3.0,45,14,10,17,10,37.0,1,2.0
10.0,MANUAL,14,35.0,3.0,10.0,2.0,4.0,3.0,44,14,10,17,10,37.0,1,2.0
10.0,COBOT,0,27.0,1.0,6.0,3.0,2.0,2.0,30,14,10,17,10,37.0,1,2.0
10.0,COBOT,1,29.0,1.0,7.0,3.0,2.0,2.0,33,14,10,17,10,37.0,1,2.0
10.0,COBOT,2,28.0,2.0,9.0,4.0,3.0,2.0,40,14,10,17,10,37.0,1,2.0
10.0,COBOT,3,31.0,2.0,9.0,3.0,3.0,2.0,40,14,10,17,10,37.0,1,2.0
10.0,COBOT,4,35.0,2.0,8.0,3.0,3.0,3.0,36,14,10,17,10,37.0,1,2.0
10.0,COBOT,5,33.0,2.0,9.0,3.0,3.0,3.0,41,14,10,17,10,37.0,1,2.0
10.0,COBOT,6,36.0,2.0,8.0,3.0,3.0,3.0,42,14,10,17,10,37.0,1,2.0
10.0,COBOT,7,36.0,2.0,9.0,3.0,3.0,3.0,38,14,10,17,10,37.0,1,2.0
10.0,COBOT,8,33.0,2.0,8.0,3.0,4.0,3.0,44,14,10,17,10,37.0,1,2.0
10.0,COBOT,9,34.0,2.0,8.0,3.0,3.0,2.0,41,14,10,17,10,37.0,1,2.0
10.0,COBOT,10,36.0,2.0,10.0,3.0,3.0,3.0,43,14,10,17,10,37.0,1,2.0
10.0,COBOT,11,38.0,2.0,10.0,3.0,4.0,3.0,46,14,10,17,10,37.0,1,2.0
10.0,COBOT,12,39.0,2.0,11.0,3.0,4.0,3.0,46,14,10,17,10,37.0,1,2.0
10.0,COBOT,13,41.0,2.0,12.0,3.0,4.0,3.0,46,14,10,17,10,37.0,1,2.0
10.0,COBOT,14,38.0,2.0,11.0,3.0,4.0,4.0,47,14,10,17,10,37.0,1,2.0
10.0,STROOP,0,31.0,1.0,10.0,4.0,1.0,1.0,36,14,10,17,10,37.0,1,2.0
10.0,STROOP,2,32.0,1.0,9.0,4.0,1.0,3.0,47,14,10,17,10,37.0,1,2.0
10.0,STROOP,2,30.0,1.0,7.0,5.0,1.0,4.0,57,14,10,17,10,37.0,1,2.0
4.0,MANUAL,0,31.0,1.0,8.0,4.0,1.0,4.0,47,22,10,14,7,35.0,0,1.0
4.0,MANUAL,1,30.0,2.0,8.0,4.0,2.0,1.0,35,22,10,14,7,35.0,0,1.0
4.0,MANUAL,2,36.0,2.0,9.0,4.0,4.0,4.0,48,22,10,14,7,35.0,0,1.0
4.0,MANUAL,3,31.0,2.0,7.0,5.0,4.0,2.0,43,22,10,14,7,35.0,0,1.0
4.0,MANUAL,4,28.0,1.0,6.0,4.0,4.0,2.0,40,22,10,14,7,35.0,0,1.0
4.0,MANUAL,5,27.0,1.0,6.0,4.0,2.0,2.0,38,22,10,14,7,35.0,0,1.0
4.0,MANUAL,6,29.0,1.0,7.0,4.0,3.0,1.0,34,22,10,14,7,35.0,0,1.0
4.0,MANUAL,7,29.0,1.0,6.0,4.0,3.0,1.0,47,22,10,14,7,35.0,0,1.0
4.0,MANUAL,8,30.0,1.0,6.0,4.0,3.0,2.0,42,22,10,14,7,35.0,0,1.0
4.0,MANUAL,9,31.0,1.0,6.0,4.0,4.0,2.0,38,22,10,14,7,35.0,0,1.0
4.0,MANUAL,10,30.0,4.0,9.0,4.0,3.0,2.0,43,22,10,14,7,35.0,0,1.0
4.0,MANUAL,11,29.0,1.0,6.0,4.0,4.0,2.0,51,22,10,14,7,35.0,0,1.0
4.0,MANUAL,12,29.0,1.0,6.0,4.0,4.0,2.0,40,22,10,14,7,35.0,0,1.0
4.0,MANUAL,13,30.0,2.0,7.0,4.0,4.0,3.0,45,22,10,14,7,35.0,0,1.0
4.0,MANUAL,14,29.0,2.0,7.0,4.0,4.0,4.0,47,22,10,14,7,35.0,0,1.0
4.0,COBOT,0,36.0,2.0,9.0,4.0,1.0,2.0,31,22,10,14,7,35.0,0,1.0
4.0,COBOT,1,36.0,1.0,7.0,4.0,1.0,3.0,50,22,10,14,7,35.0,0,1.0
4.0,COBOT,2,35.0,1.0,7.0,4.0,1.0,2.0,31,22,10,14,7,35.0,0,1.0
4.0,COBOT,3,39.0,1.0,6.0,4.0,1.0,3.0,35,22,10,14,7,35.0,0,1.0
4.0,COBOT,4,38.0,1.0,7.0,4.0,1.0,4.0,46,22,10,14,7,35.0,0,1.0
4.0,COBOT,5,40.0,2.0,9.0,4.0,1.0,3.0,43,22,10,14,7,35.0,0,1.0
4.0,COBOT,6,38.0,2.0,8.0,4.0,2.0,3.0,33,22,10,14,7,35.0,0,1.0
4.0,COBOT,7,39.0,2.0,9.0,4.0,2.0,2.0,34,22,10,14,7,35.0,0,1.0
4.0,COBOT,8,31.0,1.0,6.0,4.0,1.0,2.0,31,22,10,14,7,35.0,0,1.0
4.0,COBOT,9,35.0,1.0,7.0,4.0,1.0,2.0,24,22,10,14,7,35.0,0,1.0
4.0,COBOT,10,34.0,1.0,6.0,4.0,1.0,2.0,33,22,10,14,7,35.0,0,1.0
4.0,COBOT,11,34.0,1.0,7.0,4.0,1.0,1.0,16,22,10,14,7,35.0,0,1.0
4.0,COBOT,12,38.0,1.0,8.0,4.0,1.0,2.0,27,22,10,14,7,35.0,0,1.0
4.0,COBOT,13,33.0,1.0,7.0,4.0,1.0,2.0,24,22,10,14,7,35.0,0,1.0
4.0,COBOT,14,33.0,1.0,7.0,4.0,2.0,2.0,21,22,10,14,7,35.0,0,1.0
4.0,STROOP,0,40.0,2.0,11.0,7.0,1.0,5.0,56,22,10,14,7,35.0,0,1.0
4.0,STROOP,1,43.0,3.0,12.0,7.0,1.0,5.0,85,22,10,14,7,35.0,0,1.0
4.0,STROOP,2,47.0,2.0,11.0,4.0,1.0,2.0,42,22,10,14,7,35.0,0,1.0
4.0,STROOP,3,51.0,3.0,13.0,4.0,1.0,4.0,60,22,10,14,7,35.0,0,1.0
9.0,MANUAL,0,28.0,1.0,8.0,1.0,1.0,1.0,5,15,12,13,10,41.0,1,1.0
9.0,MANUAL,1,23.0,1.0,6.0,1.0,1.0,1.0,5,15,12,13,10,41.0,1,1.0
9.0,MANUAL,2,22.0,1.0,6.0,1.0,1.0,1.0,3,15,12,13,10,41.0,1,1.0
9.0,MANUAL,3,20.0,1.0,6.0,1.0,1.0,1.0,5,15,12,13,10,41.0,1,1.0
9.0,MANUAL,4,20.0,1.0,6.0,1.0,1.0,1.0,5,15,12,13,10,41.0,1,1.0
9.0,MANUAL,5,20.0,1.0,6.0,1.0,1.0,1.0,5,15,12,13,10,41.0,1,1.0
9.0,MANUAL,6,20.0,1.0,6.0,1.0,1.0,1.0,5,15,12,13,10,41.0,1,1.0
9.0,MANUAL,7,20.0,1.0,6.0,1.0,1.0,1.0,5,15,12,13,10,41.0,1,1.0
9.0,MANUAL,8,20.0,1.0,6.0,1.0,1.0,1.0,5,15,12,13,10,41.0,1,1.0
9.0,MANUAL,9,26.0,1.0,7.0,1.0,1.0,1.0,5,15,12,13,10,41.0,1,1.0
9.0,MANUAL,10,27.0,1.0,8.0,1.0,1.0,1.0,7,15,12,13,10,41.0,1,1.0
9.0,MANUAL,11,29.0,2.0,9.0,1.0,1.0,1.0,10,15,12,13,10,41.0,1,1.0
9.0,MANUAL,12,30.0,2.0,9.0,1.0,1.0,1.0,14,15,12,13,10,41.0,1,1.0
9.0,MANUAL,13,30.0,3.0,11.0,1.0,1.0,1.0,20,15,12,13,10,41.0,1,1.0
9.0,COBOT,0,30.0,2.0,8.0,1.0,1.0,1.0,13,15,12,13,10,41.0,1,1.0
9.0,COBOT,1,32.0,3.0,10.0,1.0,1.0,1.0,5,15,12,13,10,41.0,1,1.0
9.0,COBOT,2,33.0,3.0,10.0,1.0,1.0,2.0,17,15,12,13,10,41.0,1,1.0
9.0,COBOT,3,35.0,2.0,9.0,1.0,1.0,1.0,10,15,12,13,10,41.0,1,1.0
9.0,COBOT,4,32.0,2.0,10.0,1.0,1.0,1.0,8,15,12,13,10,41.0,1,1.0
9.0,COBOT,5,36.0,2.0,10.0,1.0,1.0,2.0,23,15,12,13,10,41.0,1,1.0
9.0,COBOT,6,38.0,2.0,10.0,1.0,1.0,2.0,22,15,12,13,10,41.0,1,1.0
9.0,COBOT,7,38.0,3.0,11.0,1.0,2.0,1.0,23,15,12,13,10,41.0,1,1.0
9.0,COBOT,8,35.0,2.0,10.0,1.0,2.0,2.0,18,15,12,13,10,41.0,1,1.0
9.0,COBOT,9,34.0,2.0,11.0,1.0,1.0,2.0,12,15,12,13,10,41.0,1,1.0
9.0,COBOT,10,34.0,2.0,10.0,1.0,1.0,1.0,15,15,12,13,10,41.0,1,1.0
9.0,COBOT,11,29.0,2.0,8.0,1.0,1.0,2.0,11,15,12,13,10,41.0,1,1.0
9.0,COBOT,12,32.0,2.0,9.0,1.0,1.0,2.0,16,15,12,13,10,41.0,1,1.0
9.0,COBOT,13,36.0,3.0,10.0,1.0,3.0,1.0,18,15,12,13,10,41.0,1,1.0
9.0,COBOT,14,26.0,2.0,7.0,1.0,1.0,1.0,4,15,12,13,10,41.0,1,1.0
9.0,STROOP,0,36.0,2.0,9.0,2.0,2.0,2.0,31,15,12,13,10,41.0,1,1.0
9.0,STROOP,1,47.0,2.0,11.0,5.0,2.0,4.0,71,15,12,13,10,41.0,1,1.0
9.0,STROOP,2,28.0,2.0,8.0,3.0,1.0,1.0,21,15,12,13,10,41.0,1,1.0
9.0,STROOP,3,29.0,2.0,8.0,2.0,1.0,1.0,13,15,12,13,10,41.0,1,1.0
3.0,MANUAL,0,35.0,3.0,12.0,1.0,5.0,7.0,71,9,6,7,14,41.0,0,2.0
3.0,MANUAL,1,29.0,3.0,10.0,1.0,6.0,2.0,74,9,6,7,14,41.0,0,2.0
3.0,MANUAL,2,30.0,4.0,10.0,3.0,7.0,1.0,75,9,6,7,14,41.0,0,2.0
3.0,MANUAL,3,33.0,4.0,9.0,2.0,6.0,1.0,72,9,6,7,14,41.0,0,2.0
3.0,MANUAL,4,33.0,3.0,9.0,2.0,6.0,3.0,71,9,6,7,14,41.0,0,2.0
3.0,MANUAL,5,31.0,3.0,9.0,2.0,6.0,1.0,82,9,6,7,14,41.0,0,2.0
3.0,MANUAL,6,34.0,4.0,10.0,2.0,6.0,1.0,61,9,6,7,14,41.0,0,2.0
3.0,MANUAL,7,32.0,3.0,9.0,2.0,6.0,1.0,77,9,6,7,14,41.0,0,2.0
3.0,MANUAL,8,33.0,3.0,9.0,2.0,6.0,1.0,74,9,6,7,14,41.0,0,2.0
3.0,MANUAL,9,32.0,4.0,10.0,2.0,6.0,1.0,77,9,6,7,14,41.0,0,2.0
3.0,MANUAL,10,31.0,3.0,9.0,2.0,6.0,1.0,73,9,6,7,14,41.0,0,2.0
3.0,MANUAL,11,32.0,3.0,9.0,2.0,6.0,1.0,75,9,6,7,14,41.0,0,2.0
3.0,MANUAL,12,33.0,4.0,10.0,2.0,6.0,1.0,75,9,6,7,14,41.0,0,2.0
3.0,MANUAL,13,33.0,4.0,10.0,2.0,6.0,1.0,72,9,6,7,14,41.0,0,2.0
3.0,COBOT,0,23.0,1.0,6.0,1.0,1.0,1.0,20,9,6,7,14,41.0,0,2.0
3.0,COBOT,1,24.0,1.0,6.0,1.0,2.0,1.0,24,9,6,7,14,41.0,0,2.0
3.0,COBOT,2,27.0,1.0,6.0,1.0,2.0,1.0,21,9,6,7,14,41.0,0,2.0
3.0,COBOT,3,23.0,1.0,6.0,1.0,2.0,1.0,18,9,6,7,14,41.0,0,2.0
3.0,COBOT,4,23.0,1.0,6.0,1.0,2.0,1.0,18,9,6,7,14,41.0,0,2.0
3.0,COBOT,5,23.0,1.0,6.0,1.0,2.0,1.0,18,9,6,7,14,41.0,0,2.0
3.0,COBOT,6,22.0,1.0,6.0,1.0,2.0,1.0,17,9,6,7,14,41.0,0,2.0
3.0,COBOT,7,22.0,1.0,6.0,1.0,2.0,1.0,22,9,6,7,14,41.0,0,2.0
3.0,COBOT,8,23.0,1.0,6.0,1.0,2.0,1.0,18,9,6,7,14,41.0,0,2.0
3.0,COBOT,9,23.0,1.0,6.0,1.0,2.0,1.0,22,9,6,7,14,41.0,0,2.0
3.0,COBOT,10,23.0,1.0,6.0,1.0,2.0,1.0,24,9,6,7,14,41.0,0,2.0
3.0,COBOT,11,23.0,1.0,6.0,1.0,2.0,1.0,24,9,6,7,14,41.0,0,2.0
3.0,COBOT,12,23.0,1.0,6.0,1.0,2.0,1.0,24,9,6,7,14,41.0,0,2.0
3.0,COBOT,13,26.0,1.0,9.0,1.0,2.0,1.0,30,9,6,7,14,41.0,0,2.0
3.0,STROOP,0,25.0,1.0,6.0,4.0,1.0,3.0,54,9,6,7,14,41.0,0,2.0
3.0,STROOP,1,25.0,1.0,6.0,6.0,3.0,5.0,70,9,6,7,14,41.0,0,2.0
3.0,STROOP,2,27.0,1.0,6.0,4.0,1.0,2.0,47,9,6,7,14,41.0,0,2.0
3.0,STROOP,3,23.0,1.0,6.0,4.0,1.0,2.0,40,9,6,7,14,41.0,0,2.0
1.0,MANUAL,0,27.0,1.0,7.0,2.0,2.0,1.0,17,12,16,14,11,26.0,1,1.0
1.0,MANUAL,1,27.0,1.0,6.0,1.0,1.0,1.0,4,12,16,14,11,26.0,1,1.0
1.0,MANUAL,2,38.0,1.0,9.0,1.0,1.0,1.0,5,12,16,14,11,26.0,1,1.0
1.0,MANUAL,3,43.0,2.0,13.0,3.0,3.0,5.0,44,12,16,14,11,26.0,1,1.0
1.0,MANUAL,4,47.0,2.0,14.0,2.0,2.0,5.0,45,12,16,14,11,26.0,1,1.0
1.0,MANUAL,5,47.0,2.0,12.0,3.0,3.0,5.0,51,12,16,14,11,26.0,1,1.0
1.0,MANUAL,6,50.0,3.0,15.0,3.0,3.0,5.0,47,12,16,14,11,26.0,1,1.0
1.0,MANUAL,7,61.0,3.0,20.0,4.0,3.0,6.0,64,12,16,14,11,26.0,1,1.0
1.0,MANUAL,8,65.0,4.0,21.0,3.0,3.0,7.0,53,12,16,14,11,26.0,1,1.0
1.0,MANUAL,9,63.0,4.0,21.0,5.0,3.0,7.0,64,12,16,14,11,26.0,1,1.0
1.0,COBOT,0,56.0,1.0,16.0,2.0,4.0,4.0,53,12,16,14,11,26.0,1,1.0
1.0,COBOT,1,59.0,2.0,18.0,2.0,4.0,3.0,48,12,16,14,11,26.0,1,1.0
1.0,COBOT,2,57.0,2.0,14.0,2.0,3.0,3.0,51,12,16,14,11,26.0,1,1.0
1.0,COBOT,3,60.0,2.0,17.0,2.0,4.0,4.0,53,12,16,14,11,26.0,1,1.0
1.0,COBOT,4,60.0,2.0,16.0,3.0,4.0,5.0,60,12,16,14,11,26.0,1,1.0
1.0,COBOT,5,67.0,4.0,23.0,3.0,3.0,5.0,53,12,16,14,11,26.0,1,1.0
1.0,COBOT,6,63.0,2.0,19.0,3.0,4.0,5.0,56,12,16,14,11,26.0,1,1.0
1.0,COBOT,7,61.0,2.0,18.0,3.0,4.0,6.0,62,12,16,14,11,26.0,1,1.0
1.0,COBOT,8,59.0,3.0,15.0,3.0,4.0,6.0,63,12,16,14,11,26.0,1,1.0
1.0,COBOT,9,58.0,3.0,15.0,3.0,5.0,6.0,63,12,16,14,11,26.0,1,1.0
1.0,COBOT,10,59.0,3.0,17.0,3.0,5.0,6.0,63,12,16,14,11,26.0,1,1.0
1.0,COBOT,11,61.0,4.0,19.0,3.0,5.0,6.0,63,12,16,14,11,26.0,1,1.0
1.0,COBOT,12,61.0,4.0,19.0,3.0,5.0,6.0,63,12,16,14,11,26.0,1,1.0
1.0,COBOT,13,61.0,4.0,19.0,3.0,5.0,6.0,63,12,16,14,11,26.0,1,1.0
1.0,COBOT,14,61.0,4.0,19.0,3.0,5.0,6.0,63,12,16,14,11,26.0,1,1.0
