tsne_3_f1,tsne_3_f2,tsne_3_f3
4.405959,-3.7372034,12.762814
24.509403,-2.1791463,-9.073803
-16.502096,1.6787441,-4.0976267
-0.7510704,9.4125805,4.7846394
7.2808056,3.604036,0.59278125
11.066048,17.333742,1.7727752
14.117148,6.207865,7.5128775
27.118334,-0.9133649,-6.1932993
-16.089937,-13.633097,6.0965075
-6.5071216,6.9261274,4.070603
0.19005176,14.79936,-1.4227492
-0.6950318,-8.473244,-1.422466
-3.510089,-7.4728355,-9.165997
-7.2620444,-3.5211105,-4.007955
-5.293147,-5.473125,10.768606
14.181745,6.5430284,7.422098
13.603794,6.3744287,9.233666
24.693096,-1.916556,-9.3331995
-1.5395689,1.1928363,-6.6891212
-8.093309,-15.139155,4.5601616
21.532036,-4.6302285,-0.39833304
18.595049,-1.9647783,-12.679636
-11.511126,-8.691628,-8.317941
-21.003162,2.3599043,2.0735607
-8.831995,-0.88991237,-8.866723
4.0829277,-4.937292,7.812362
29.538898,5.8680143,-1.0990934
8.105293,-5.1877456,10.318
22.303795,-2.0469952,-12.100633
9.941657,19.37288,-0.2036862
-10.63392,-22.293474,4.8658395
29.732138,5.3069606,-3.5798333
-0.25477374,6.0183196,-0.4927884
-11.145095,-22.411905,4.475213
-17.614166,-5.180027,-3.6805124
7.377736,1.402146,5.503187
-18.857214,9.442006,-7.2753296
-1.6519159,6.4738927,-2.660124
-9.741164,9.8410845,-6.114704
-15.249103,-12.76183,7.976076
-1.1534516,21.013405,0.16247953
-3.6543236,3.5677085,-5.5459843
10.273219,4.0189614,-6.4595723
10.347743,5.5457506,7.937318
-14.3228445,-15.447625,3.6561532
-1.04574,4.700323,-2.323029
2.8545122,-10.538457,9.329667
-7.4226775,13.434155,-0.29854536
-0.25865388,-3.492198,12.686201
7.3978357,2.7580981,13.089401
13.095813,2.3944452,1.6153561
-10.479172,-13.017406,-10.538403
-7.5429697,-20.32641,3.0727189
-0.7448952,-4.546913,4.600918
-14.908156,2.7553725,-2.457737
1.15324,-10.388055,-7.3941264
0.46702057,10.871224,2.7406754
-17.861948,-2.8278797,-4.4969883
-10.951868,-15.877708,7.5259943
18.187798,-3.2557251,-0.6729017
-8.532228,-22.345287,7.592303
9.227337,3.6902902,4.672266
-1.5925468,9.9894,2.5636106
-14.852856,-3.1046245,-0.06483335
13.546766,5.6395206,7.4461164
0.36430627,10.254007,2.5775359
-6.9592185,18.414055,2.8615665
8.165084,2.9978113,-4.893994
-18.762135,7.952723,-0.460163
0.4821227,-5.6478214,4.2880707
-3.7253263,18.571741,-4.1882124
14.832792,6.3262205,9.149246
-19.328869,5.924058,-1.890172
-1.7740701,-0.178075,-3.111955
19.486382,-5.675811,-6.834603
-2.0284176,-4.1621156,14.473003
-9.0156145,6.514211,3.2400453
2.0444546,-6.3476787,-4.940182
-16.07138,-13.4130535,6.359125
-10.520432,-8.623158,4.4953256
26.186434,0.17742775,-9.297931
19.234098,3.4614134,5.6808968
0.027994977,-13.865847,-6.1985846
-5.9536867,-8.717132,-8.658658
7.454797,5.4714017,-0.43490928
3.0144465,17.9195,-0.25763485
-18.332859,-14.625597,-1.4189086
5.8126216,2.732563,9.667297
-7.992427,12.616307,-0.6931166
-4.6092024,-6.7701235,11.591774
-10.89917,3.7894201,0.87651527
17.803604,-5.130428,-5.3921776
-15.823286,-9.340648,4.798449
-6.4877887,14.754885,-0.25052708
25.317038,-3.000727,-5.5605516
2.22902,-4.788267,10.737828
-12.036281,1.2542603,0.5782865
-1.4323845,-0.43549788,10.762159
17.815565,2.8527799,3.2059267
12.710712,7.569494,0.2270712
-20.373108,2.5466456,-6.7288885
-9.466083,16.64761,-3.645809
-10.52202,0.21114156,-7.9743347
7.50558,3.721197,0.017302223
-10.025932,-18.71145,6.277232
-11.329315,2.0792153,2.7886457
-10.601815,17.731476,-5.2471223
17.371302,-1.0856025,-12.852848
-19.488037,5.934398,0.07778298
18.1771,-1.4440478,-13.0899315
-4.317822,-11.611431,-9.477565
0.41654074,20.157259,0.65950966
-6.765283,-0.975597,-3.3370023
25.543877,-3.3664577,-1.2917186
13.9992695,6.312629,8.93212
-9.81924,9.686138,-6.076548
-8.33482,-8.904981,-2.0096095
-4.055318,10.079205,-0.13053119
9.020455,4.85571,-8.808
16.869347,-1.6137096,-4.951895
-14.471647,-9.535682,2.3218296
22.597063,0.773251,6.1482606
2.1575685,4.1134734,7.13336
-4.235505,3.3833597,-7.3197455
-20.595673,8.328633,-7.6473155
3.5966082,-5.673272,-9.533828
-12.225571,16.291592,0.3025585
-19.070784,5.97351,-0.392049
9.974114,6.304853,1.9658041
13.821711,6.1665845,6.471491
6.956062,0.013215594,10.432798
-3.927876,9.470458,-1.0903441
-2.3996196,18.146488,-0.44085377
-10.487989,-15.912905,7.167753
2.7098956,-10.862459,-6.4927907
-10.516504,-2.4366858,-8.237672
-15.213449,-8.107761,-2.3952456
2.7191675,-9.566855,2.0950181
19.368114,-3.2709756,-11.299101
-2.8633394,6.96105,-3.4387162
-11.884436,2.0034106,2.994696
-5.1738963,6.177529,-5.388971
16.97047,-3.9040132,-5.1619763
7.934621,0.06707188,12.647698
14.683795,2.2234073,-3.8595488
-10.9648485,7.7502136,-1.1022571
0.11723497,-2.393749,8.865552
27.982714,-2.562878,-1.9908875
5.0517535,7.0441837,18.782732
-11.702017,-12.373327,-10.090341
2.4847276,-13.904768,3.0828488
-17.516552,-10.43111,0.09903967
-8.481518,-0.422374,-3.4885297
-3.866171,7.8462863,-1.6594915
-8.315952,-14.78145,-1.860147
-9.627644,-19.290077,5.6109204
-18.297773,4.8703127,-5.562356
-7.947793,20.101526,-2.974927
-10.523476,3.6474876,-2.6750448
-7.665503,18.359983,-2.73963
-18.13103,-13.284234,0.11598392
-0.8130628,-6.4237037,0.57914495
1.9094386,20.148165,-0.10731301
-7.87973,17.901518,2.150032
18.608896,2.1531544,-1.2804098
-14.031648,-14.458153,9.513081
-16.078533,-13.617072,6.137648
-11.738876,4.327048,-1.4733757
-11.15239,15.238119,-2.5545084
-6.8229966,9.080095,4.0296717
16.028059,5.611934,3.062385
-4.2456207,17.808449,-0.080824204
28.243896,-2.658055,-1.4292246
-3.1261525,0.74459714,5.045532
27.359587,0.7499994,-1.7708735
9.227845,-3.7106926,7.752233
-15.805551,9.586879,-6.9990554
23.684002,-1.8415879,2.9270878
29.829428,3.5903423,-3.347949
-14.410367,-13.006288,4.2641816
-8.875311,-19.774628,6.589766
27.78442,-1.7781684,-4.0044823
-9.142475,-5.3426414,3.7265632
0.052646834,-8.816684,-1.0971023
2.0119157,12.1263485,2.652649
3.45927,-11.536934,5.59528
10.49007,17.633947,0.80379766
4.5425014,-11.01035,-2.0792253
-7.244294,18.732544,-3.0092826
5.825204,4.4416947,14.5849905
-7.70602,-20.453995,3.4027486
29.639034,6.1177735,-3.8446212
-19.863964,9.597743,-6.153131
3.9686644,1.5333551,15.666687
7.725551,8.254941,-5.3680453
-4.686118,-3.9114797,13.582667
-14.8061,0.31572938,-1.8354048
-10.855715,-7.738682,-5.7706265
3.995649,-4.99255,8.188995
-7.6543083,-1.5614051,-9.171563
24.429434,-3.5051703,-2.926059
-0.5075081,1.8661002,-5.519211
-10.095193,-10.303356,-0.32633296
-3.9126036,-13.8623085,-7.942873
19.22828,-5.9607916,-6.1391516
-9.722383,5.41397,2.8247914
12.793479,7.976236,6.7418213
12.653161,2.7564642,3.00583
-7.5624576,17.859413,-2.0880532
2.0900738,-8.855283,11.581405
-17.738295,-4.323516,-3.6876361
3.5180697,17.74304,-0.6873249
-3.9536767,0.507997,-7.849642
13.379412,-1.0123187,-13.043165
29.045513,2.8662426,-0.5062465
7.0222764,2.8729084,2.0344608
-11.923166,-10.722207,-9.118604
-8.588905,-19.881111,6.6453547
-9.684766,-18.020323,6.895081
7.2385674,0.7851912,5.2003546
9.66356,19.45089,-0.42482558
-20.977531,2.3651114,2.109466
16.683075,2.5027785,-3.604725
9.852143,4.682588,10.451559
17.524359,-5.9450517,-6.5418897
-14.866008,-14.9182,3.8117046
9.105434,19.669128,-0.7432858
-5.0555263,-6.5885077,11.200592
1.6629776,1.224894,17.930601
0.7881627,-12.235798,-0.7489042
4.2024155,5.764918,12.245585
-8.500585,-12.449967,-9.998181
0.19476692,7.3792634,-1.2680396
-16.721699,1.8005496,-3.8612993
-8.320712,-11.531134,-5.6391854
-21.356283,-2.3318992,-3.0027337
10.682818,9.133519,5.799021
7.179059,-5.869118,8.406216
4.3311634,8.4515,19.182636
3.1413164,-9.258422,-4.25608
-14.111671,-4.4823203,1.3563626
-9.8397255,18.405886,-4.991998
0.28541985,-6.791238,4.564321
-3.284707,-2.3946292,-3.5160742
-3.9289417,-1.2341037,8.254341
-10.535852,-18.96092,3.4682193
-14.66597,12.546237,-6.3796744
13.215475,1.800278,-0.59766454
-10.668211,-0.13084236,-7.913821
12.823429,1.8587734,-0.9514165
8.583756,1.3053937,12.324821
-10.6733885,14.330081,-6.1225433
-11.6544,-19.49554,2.822962
3.3181694,16.16705,-0.98957676
-1.5414058,19.637672,1.5508645
-8.535036,-15.398765,5.6612077
-1.1242894,-5.256864,0.45488846
-16.846048,-10.677735,-0.84866065
-19.577568,6.0584397,-7.3889365
-6.6961675,8.892514,3.9010777
-11.517919,3.5147905,-1.4358159
15.369048,2.1478326,-0.9940106
28.591352,5.2691536,-6.843192
-3.3268976,-6.3573866,-7.51768
-14.506954,3.1233642,-2.265621
3.04849,-5.5390043,-8.385682
-13.932975,11.411013,-1.4595214
13.260819,7.3064423,-0.09760621
-0.5568834,8.748803,-1.9832569
5.6942897,-5.1438284,7.3108697
16.999031,5.0043488,3.7308712
17.843872,2.6504765,1.7773132
-13.275316,-13.384307,5.002549
-11.544858,12.093725,-6.530718
-8.531117,17.163507,-0.35678074
-17.532574,-11.377423,-0.18419269
-11.905376,-7.6544337,0.6194733
26.975216,-0.99884796,-6.543284
4.2751794,-10.40195,7.1210885
3.5852394,-9.801995,1.1442194
26.474958,-0.50791293,-5.2512274
-19.19221,-13.962315,-0.803961
-0.6868586,20.273825,-0.5301307
15.89482,5.402534,4.5884123
-10.856726,-7.7719226,-5.743591
-2.2505453,1.6252512,6.334311
-9.17384,17.326038,1.9394202
7.802547,-1.9460225,9.997621
2.1407866,-11.190317,-2.096286
9.623491,19.548712,-0.4561581
-21.291489,5.1669436,2.1348178
-2.0654469,1.2031945,-6.8357086
-7.4908824,-18.49207,2.7607532
2.9359872,-5.385015,-8.131064
19.832575,-3.919061,-0.96831
29.74328,5.7310085,-3.3371134
7.2020707,4.013897,-2.8978848
10.745619,0.34640056,-9.353557
-11.170201,-3.7652102,-9.361716
3.276474,-7.3782425,-9.27428
9.880033,5.373765,3.6526213
-0.5716014,17.125244,2.918882
-11.406793,1.3197968,-6.0179563
16.269728,2.1482537,-3.7838228
10.46933,5.53741,8.017515
16.652155,-1.7948698,-5.2559853
15.078282,-0.5062894,-8.201234
7.699147,7.898555,-5.4424615
2.6975977,-5.176271,8.716157
1.0330478,19.962807,-0.06612929
-0.6821617,11.635565,-2.0196257
8.367631,2.4811492,5.233805
-1.6850885,2.6626005,7.266607
-4.246146,-1.1101708,8.624227
-12.71841,-10.959109,-7.593252
5.0042663,6.1177487,12.85798
-11.0803795,-14.388148,6.063435
-13.025643,-7.604975,-1.7911245
-13.1903925,8.597872,-1.8391095
0.6035641,-14.088657,-0.5242761
14.948337,1.5636363,-4.6415215
0.877514,-0.56695086,11.578178
-9.061267,3.7035854,-3.67342
-14.020392,-4.619999,1.573316
-20.849606,1.2092463,1.6680512
-3.7659707,-14.369235,-9.428833
-19.073103,9.567078,-7.06591
26.199993,-0.528167,-8.781313
-8.563755,-15.834865,-3.4337611
3.2798238,-6.6187735,-9.070965
0.54462975,-11.263426,0.9293291
7.2376966,5.7266765,14.503943
24.150835,-0.8459286,-11.14803
-9.638385,-11.5944,-10.840458
4.4596353,-11.333516,1.8134353
-7.4587955,16.636473,-0.19059533
-14.202468,-14.216083,9.378178
8.30659,7.3538775,10.560995
-6.682753,10.055493,1.3602133
18.566828,-1.2978096,1.1129969
1.0554761,-9.783967,-9.511262
10.02482,5.3086896,10.024176
7.304826,0.39303303,13.7053385
7.310654,16.159885,2.7759955
-7.005493,-4.8918424,-4.746148
8.885118,7.464211,9.965094
4.320361,-10.980683,4.458516
28.082449,4.056521,-7.6323385
3.0267305,-9.834159,-4.703613
-11.506501,2.2849424,2.6140351
-6.598686,8.828414,3.842645
2.9701662,-1.1790165,12.6032095
-13.757672,-14.743916,9.64725
-16.764206,8.2273,-5.3957524
-12.618086,13.591097,-1.3418454
16.77073,-0.82546824,-12.593515
-5.2877407,-5.6158156,10.7621
-13.938127,-6.4167457,-6.5017076
9.888055,5.7512894,2.5460453
-14.805832,-10.104237,7.4708333
-18.125423,5.837714,-3.1577277
18.074987,-2.1155248,0.18674639
-5.575755,-1.4199486,-8.899825
2.1345284,-8.654577,11.694558
-14.379696,-13.443338,8.9246645
-13.591281,12.083173,-6.7212734
5.972495,2.5431244,9.066756
3.4435415,-11.817693,-4.8424263
-19.26906,-2.471906,-1.9021297
13.999491,-3.9243171,-8.912714
1.359255,0.96773034,11.173837
2.8161025,-7.2384405,8.29315
7.3512306,5.802146,16.527493
-15.573626,10.614308,-6.463351
4.3909783,-10.102527,7.2907457
16.60376,5.7745743,8.144049
-11.987646,17.351757,-5.37216
-10.284292,-1.061432,-8.135379
3.3404415,5.8002014,18.910437
-8.349174,-22.956705,5.3977494
8.327688,-3.074259,4.2055273
-4.0823283,-4.326487,13.714347
8.603024,-3.577599,4.678763
-4.2488337,-3.1234536,-5.361719
-6.558937,9.60667,1.8924111
8.729499,16.431488,-0.8187086
3.8120127,-14.531074,3.1086543
6.6736174,3.2654397,-4.7594743
2.073801,-2.872045,12.442056
2.519666,17.554853,0.7773158
28.228178,-2.243307,-0.6364162
-0.7246515,-4.094247,-2.7637599
-2.4462473,18.161839,-0.16073488
-5.807651,13.108201,2.6325142
-13.181008,14.808443,-0.067491226
1.1135964,13.354722,0.49051338
23.889902,-0.88653064,-11.724817
9.170498,-3.6013434,9.324567
-10.54012,-4.8716536,4.7382703
-3.7813632,5.7134223,-0.86665416
-11.433573,11.567788,-6.6954565
17.454138,-5.971487,-6.8722067
-1.3847288,-13.39589,-6.6667666
19.593452,0.3795271,2.1948624
17.61941,3.1957116,-3.225029
18.596676,-2.1252742,-12.54206
12.314686,4.9119473,7.8051105
-8.100067,-16.914728,-2.179246
-11.818315,-11.40905,-9.609932
-7.853976,19.94124,-2.9712808
8.056766,-5.952653,10.755653
24.683056,-3.7453382,-5.011828
-6.721247,10.353896,1.1049973
11.431907,9.354831,6.240374
10.665966,1.8552687,-8.07705
8.103913,5.75888,1.4420391
-16.96211,8.7927265,-3.814538
10.822491,2.5664947,-5.8792562
-8.237507,-22.883537,5.3026133
22.850117,-6.523052,-6.9380813
-18.521389,-14.193633,-1.1781273
15.200467,6.2013364,8.505277
-10.458982,-18.914316,4.79851
7.3557777,-5.7970724,8.590584
-11.494914,16.505077,-5.4992404
-3.0097256,15.832729,-2.014895
6.5137305,-1.2857257,12.163439
9.70913,6.262977,-1.8411796
-8.4229765,7.3237686,3.558825
8.840897,2.421897,12.362618
-2.0864713,1.3322212,7.8501344
7.69932,2.7943218,3.377886
-0.6566057,8.536733,-2.0905063
16.4909,-3.4011269,-5.6842766
-8.582249,-15.3580885,5.305267
-11.723754,-7.7512445,-7.9951415
1.4203776,-8.654259,0.43829638
14.821447,5.4619656,1.4659952
29.447723,7.066532,-4.4144154
14.962352,-1.5613496,-11.335764
8.7921095,3.2368178,4.5354214
0.5697684,-5.4483414,-5.584648
5.7280765,3.7280254,6.013811
-6.071789,-1.16785,-3.2717516
4.7327695,17.812103,-1.8990518
-3.7174852,1.5219474,-8.641339
-1.2507224,-3.7568734,12.481566
-13.669194,-2.2551744,1.2823564
-9.3606415,18.178438,-4.9414163
7.712804,2.9899561,-4.875131
9.26679,3.7128162,4.8085785
0.20867772,20.349699,-1.2260463
-4.314617,-3.077696,-5.0186214
-13.582451,-12.489597,8.6653
9.919571,19.577368,-0.26853353
-18.415674,7.675676,-1.1123285
-12.4505005,-20.058163,2.85794
-1.7349155,-13.070521,-6.7110157
16.42303,-3.048429,-5.5940723
15.420822,1.3604907,-2.8831031
-13.323442,-8.018624,1.3037919
-14.947563,-3.1925492,-1.5913284
-10.452654,-3.6388116,-9.6358385
2.3837934,-4.644298,7.651465
-11.432119,-9.970705,5.704519
-15.663703,10.234725,-6.774698
-10.446605,15.641723,-6.082687
11.480046,17.359505,3.8775885
-1.1980065,-3.7466125,12.388769
-20.668793,0.25561494,-5.457412
23.373884,-4.09673,-0.02944019
-4.095728,13.463514,1.6117228
-4.1223693,14.280737,0.6586177
9.078406,-3.6428032,9.189877
2.6295636,-10.71342,-6.4574723
-12.513701,-4.356297,-8.582676
9.891262,18.806498,-0.029672826
0.23043476,9.226569,-1.7475435
-1.3028222,6.153087,-0.6941653
-3.5452104,3.2649274,-5.52516
16.892052,-4.5714817,-6.039998
-17.255213,-12.55433,-0.2751408
16.13836,-3.8980708,-9.617584
-16.37568,9.916348,-4.8913136
-0.52422,12.851404,-1.7745892
-1.6730311,20.190207,-1.0524644
7.183961,16.856808,0.83740073
-5.162289,18.106054,-2.860319
0.17846407,-1.3721302,8.859035
8.611911,-3.4873734,4.2876005
-10.436497,-2.244597,-8.212668
-9.108425,12.69825,1.0340747
-3.731578,-8.3784,11.771806
-6.7227798,14.614976,-0.22759508
20.896936,2.0712032,3.3463693
-5.413405,18.213997,-2.9615123
10.686596,2.5955567,-5.979905
7.878218,16.86309,1.25298
-18.010416,-0.38478327,-2.0430942
-3.6965842,-9.567711,11.3029
6.3752875,5.8141704,16.376225
2.5341754,2.6859336,18.142832
-1.3089187,-11.002344,-9.04735
-5.8812284,-8.052927,-6.3883348
15.103597,1.317562,-2.4320388
-14.542552,0.7110902,-1.8362854
0.5259285,9.627594,-1.5829415
-8.826337,-12.770262,-10.051641
23.70295,-4.724797,-3.9735506
-7.595948,-15.352616,3.353207
-10.157651,15.800327,-3.4486442
6.5001473,2.9328904,8.365358
-14.755009,2.7154021,-2.3159602
6.591917,-6.6110716,8.500511
28.2255,4.3055406,-7.4138966
-10.668369,-4.9140186,4.7661276
18.734041,1.206598,2.512306
29.42762,4.5786185,-4.9714236
-11.8694315,14.286119,-1.5502094
24.879086,-3.2768095,-6.111981
28.161415,1.3032671,-0.51675403
-20.727842,5.9301744,1.2747095
-1.0838538,4.501215,-1.4468759
-13.630776,0.024332365,1.7527813
-7.2656746,-21.510893,2.5449896
-10.00741,8.102953,-5.0975614
-2.6635842,-1.2553169,-2.5580142
-8.665388,-22.64773,7.1326184
-10.494649,-12.959642,-10.004351
29.313198,5.35128,-5.196713
24.608711,-3.0986388,-7.084359
0.826115,-12.61934,-1.7570758
-14.0903,7.8993735,-6.8137994
-14.833574,-10.26541,7.265026
-20.62852,0.6377766,-5.5944653
-7.7361665,-15.451192,0.14590324
-0.19241522,-0.55047023,-4.6697574
21.986076,-4.5621843,-8.215275
8.61112,5.7498593,6.1688857
27.022848,-0.19992447,-6.986002
7.7747345,3.8702698,-0.6558158
-13.5459175,-15.071785,9.923473
-15.408904,-12.154148,-1.609777
-9.698404,17.74597,-5.528081
16.630648,-3.0103507,-5.2330065
28.039751,-0.0073766676,0.083528295
-0.6963235,-4.091434,-3.108906
4.225061,8.435438,19.059929
-1.429913,11.568314,5.3579755
15.616865,0.97393143,-5.2272773
13.555475,6.2554297,6.5948887
-8.232052,6.4090004,3.7062037
10.996892,5.8465137,7.3951335
-1.453177,1.4009396,-6.63964
10.459771,9.437732,-1.5348471
15.338015,-3.583947,-7.359597
2.8807118,-8.624121,-9.22373
-21.034756,1.2839639,1.7241971
5.7256007,3.8934028,6.323401
12.426483,2.856307,2.4300294
-21.320799,5.100011,2.2348714
-8.294243,-11.496418,1.5502687
-1.2334428,20.300104,-0.18238685
23.800022,-3.8383493,2.4101317
2.1210473,-10.387176,-7.169644
27.793753,0.90861857,-0.8493629
-19.364756,7.4266305,-2.4338613
-17.868021,-3.037802,-4.383021
7.720643,8.403008,-5.332594
28.252098,-2.475577,-1.0691049
11.76308,17.244022,3.6042745
13.622568,5.7135444,7.7149324
11.641696,17.46975,5.4219794
-0.06036457,7.111083,-1.3362027
29.646824,3.4250405,-4.371424
3.8598068,-10.797827,2.5323517
-0.49180925,-0.716033,-4.7832317
8.345096,10.729557,-4.8017282
-12.492958,13.754503,-1.445273
-18.867575,-0.28324053,-6.493661
11.306103,2.3643787,-5.419628
-3.672024,10.752631,0.68122655
-9.618651,-20.175373,3.337609
0.63086015,-11.160328,1.0349983
-13.466383,0.26512355,2.0929437
-1.1411984,-3.7403593,12.427886
-2.2238069,-11.5901575,-7.326325
-9.378655,-19.541313,4.864185
2.1368296,-12.168379,7.365115
25.910603,0.4767342,-9.782605
-14.281094,-6.4128056,-7.295381
17.065123,5.482516,0.94578046
8.030834,5.470755,13.872797
-18.784882,7.6035223,-0.85508895
2.9506357,17.478136,0.43989155
-12.100349,-12.47686,-10.267203
10.479562,10.1531725,-2.0888505
-4.2647014,-1.6735616,-9.130478
21.976587,-3.5462015,-10.216376
23.86334,-2.4794981,2.9033732
7.2568445,0.4076626,13.7812195
-2.1405337,-8.977884,-9.409582
25.08462,-0.61953604,-10.2633
-12.680251,-5.695659,4.672228
-11.356847,-7.9649153,-7.983191
-13.413512,-18.074612,1.8281581
0.62322646,-13.665447,-0.6891252
6.702305,0.33630276,4.645683
-3.8430898,2.1225376,-8.471611
1.9150655,4.195477,7.308863
-0.5717922,12.305193,2.1831675
-10.607916,15.593117,-2.9873543
15.594963,0.87610346,-3.790004
17.53298,5.0411386,1.3906153
-2.6562107,19.497757,-0.087236516
-18.586357,-13.47258,-0.29992434
16.766031,-3.2379992,-10.474964
18.82451,-3.9258823,-11.498886
2.152585,12.347979,2.5126543
0.8386367,-6.0542583,4.5681047
-15.353447,11.240778,-6.271214
-8.658275,-10.891188,1.4248115
3.2603362,5.155904,18.709972
-11.571302,-8.937393,-8.459617
3.6593337,-14.411208,3.028538
3.7945566,-3.6822596,13.25627
-0.26940376,19.95327,1.3317482
-17.47908,6.756319,-5.3881164
-1.34391,10.418978,2.8209968
10.510803,17.427355,0.8209683
-17.752361,-8.7043915,-0.23471722
-9.336242,17.44724,-4.4344673
6.182075,-2.100324,11.790919
6.235941,7.8240547,13.242015
-1.6124235,19.625631,1.4755714
9.989168,5.6388226,9.86585
0.21463595,-8.648647,0.8019641
-18.827717,-13.535948,-0.69446915
22.786398,0.09442166,4.242209
1.6032429,1.1777864,17.93359
-14.526037,-5.4662895,3.4314706
-11.816675,-10.634299,5.880389
1.3567709,-6.045644,-5.4291453
-2.31789,16.212393,-0.58646315
8.005811,0.17834444,6.9975257
-17.894518,5.597613,-4.2568755
9.034299,5.517117,-7.1052437
16.482574,5.394998,3.064874
17.83121,-3.3918266,-10.8521385
-0.9280052,1.4786901,9.666034
-12.696124,15.42578,-5.312578
3.9741282,4.03763,10.651394
9.915424,4.8029647,10.371164
-0.7873845,10.558771,-2.163828
-8.489427,17.00939,-0.57040626
22.166603,-4.839867,-0.6078812
8.780371,5.4652357,-7.3700695
-8.735672,3.1355798,-4.6551533
-0.0953772,-4.3148937,-4.1622806
18.393106,1.1901997,-3.272396
14.972769,-1.2088436,-8.453985
25.081858,-2.8653498,-5.143262
2.701573,-2.8283782,12.6039095
0.8536917,1.3036541,-4.2775645
-1.5997167,-9.604797,-10.986825
6.1655273,18.855886,-1.9731314
6.5303855,17.036142,0.5550131
-10.089511,-10.770947,-9.131245
-14.832518,11.788583,-6.4237905
7.708213,3.05542,-4.77762
18.36567,2.1449733,-2.9251556
0.69211656,15.147797,-1.2596126
27.02753,-0.5001507,-6.892027
14.994954,-1.3010123,-8.541628
18.154978,2.6989176,-2.8901052
25.079195,-0.8745977,-9.9875345
19.296204,-2.9528384,-0.5393323
3.287259,-9.872508,1.855621
-20.162075,-1.2392367,-0.42396736
10.760188,10.511738,-1.9379075
-8.384923,-8.912109,-1.983593
12.172218,6.2479177,6.36281
29.60289,3.3459954,-4.549365
-4.183484,-3.6153717,-6.1534834
-1.4904135,2.8975725,7.497425
-12.198304,-3.66259,-7.3964233
23.375927,-1.0578824,3.4362202
-14.725555,-14.936483,3.733235
-2.3894608,6.1069517,-1.0392473
8.612113,3.0440004,-6.85062
15.408983,-1.6764053,-1.3280895
8.637376,4.3029256,5.367996
-3.0776417,16.265766,-2.3181844
23.288574,-5.1753044,-3.5566742
6.4168963,2.1906738,8.43637
0.27868152,-1.9503571,9.199659
25.620493,-2.6312354,-5.938106
23.52353,-2.8767388,0.93806744
-18.07269,-0.061952658,-2.0051231
-4.7421074,6.27357,-5.1186743
7.214964,1.1644285,5.179921
-17.705366,11.205582,-6.139023
9.279877,17.04555,3.7175474
-20.977379,7.344081,0.45135924
17.500969,-5.7171483,-7.8728027
3.61794,-11.256776,6.4897666
14.331279,1.9329275,-3.1357257
28.904541,2.4965456,-0.31484503
4.8770103,18.49999,-2.3463428
22.51466,-5.499454,-8.2603035
-3.6019244,-6.8768497,12.681958
0.32149488,-3.751637,8.773498
-4.762916,13.013999,2.167514
-14.083173,-15.881752,3.4582791
-16.1303,-9.763745,2.8869472
8.358274,16.187693,-1.1693676
-7.2270246,-4.9475384,-4.658132
-9.467039,-5.9705687,3.435252
27.812664,-2.0041869,-3.5797267
-17.56922,11.244833,-6.090853
0.56870323,-10.590741,0.9501791
14.651553,-1.6019363,-11.032979
-5.7001715,18.240292,-2.9171457
0.014213721,4.5959177,7.8999476
-3.8777344,17.706955,-1.4947108
-2.9050097,18.8826,-0.10736529
9.623981,2.8229318,-9.485575
21.862959,-8.032592,-8.315936
-20.428225,7.6691523,-0.8362244
-19.916235,-12.120176,-0.5878866
13.822717,7.9918485,0.25394046
-6.723164,-3.5931304,-8.517945
8.643658,-3.9436936,9.554171
6.932382,5.928495,15.748508
-17.345228,-10.394246,0.6692415
3.839346,4.644295,10.761721
-1.573555,0.8455368,-6.434627
-11.382592,-7.533973,-0.8533201
27.900026,-0.7295212,0.28062266
22.815857,-3.2000675,-9.218431
-1.5565983,11.99083,2.3457053
7.152877,-0.98774934,10.977599
21.007936,1.8263721,3.9226582
-14.909508,11.959181,-6.5484734
7.0482855,3.5731406,-3.753668
9.219815,-3.7080054,8.392087
-11.256188,18.11113,-5.315835
-15.809841,-7.701384,-2.4469051
29.338703,7.8909006,-4.634577
2.1957333,-11.898388,-1.8904727
-1.2931094,-0.14748462,10.628843
-18.35192,-13.965252,-0.74517995
-13.779687,0.15346622,1.6712801
15.365856,1.3084024,-4.9787655
-7.0911636,-21.161238,2.2774658
-11.578166,-7.1935987,0.3765954
24.231203,-1.2056745,-10.565009
-19.056274,-10.601434,-1.8018453
-13.2965765,-2.2261167,1.230999
-18.070162,3.7652175,-3.4209301
10.893255,0.57274985,-8.911376
-15.834123,8.090633,-7.0491066
4.1402574,4.597547,17.827911
-5.016617,6.364157,-5.0952096
-15.345061,-8.102177,-2.403001
-13.143372,9.509044,-1.3834485
0.54310507,4.557906,7.8889656
5.7163954,3.0408802,5.208654
-8.6004,-22.52168,7.457643
0.33300877,-2.2199655,9.1814165
-17.633095,7.860701,-3.2673652
8.857573,5.079617,5.9786897
3.0425258,-6.431112,8.6428795
-2.139552,-10.862385,-10.581012
12.396485,6.56758,9.833781
9.916297,5.226582,2.5025685
25.60159,-3.1840675,-4.034891
3.6296496,-9.917518,-3.3616517
-2.2144837,-11.573721,-7.397241
-2.10095,0.29722282,8.279076
-14.699883,-10.398271,-1.2823664
16.182896,-3.5414946,-9.951467
2.105602,-10.515838,-7.362602
-9.596916,-10.808304,0.02301606
8.536763,-3.8646407,6.9371614
2.0696516,-4.753389,10.680329
-16.882334,6.970949,0.66854775
28.660013,5.5889406,-6.7175303
-2.5599852,20.276638,-1.2780592
8.57851,7.372764,10.247245
-20.42851,0.019618273,-5.7338886
-18.622726,-2.114073,-2.3157873
-18.143837,3.287772,-3.763144
-0.7667119,2.4800048,-3.9317434
-16.79623,7.875125,-5.7521005
-8.125515,-8.835787,-2.1741214
-20.557985,-0.15528351,-5.7418795
-5.035331,9.894113,-0.39174813
1.439884,-0.15454622,11.630599
-2.9845529,18.422081,-0.36558923
-13.071638,-10.955842,-7.3487697
-3.8403304,-1.4002023,8.706845
-9.353635,12.4568615,1.1960058
8.125996,1.7843777,5.826046
-10.72422,-8.955432,5.5598288
10.001804,5.5572715,-7.4376745
-9.069233,-11.443238,-10.124243
6.0835004,6.059971,16.30316
-17.947237,5.7964973,-3.1753085
-1.006321,4.257578,-1.0668964
17.256096,-2.6064699,-1.2573433
18.303482,-2.0040615,0.40186366
-10.0558,7.307079,-3.7327397
11.404399,17.418907,4.3975377
-0.72653764,13.069196,-1.8753912
-8.613186,17.167435,-1.4320085
-9.928458,9.279755,-5.8447375
-10.849171,5.905432,-2.640042
29.515284,8.173994,-3.353926
4.5221877,-10.956355,-2.1598058
29.5853,4.4155045,-4.5112944
-3.070512,1.2884239,3.999403
-3.668077,10.786093,0.6987129
-8.697427,16.931164,-0.8775068
-7.243375,-15.5936775,2.2950995
14.02124,7.145539,-0.77015966
-17.958271,-3.473358,-3.947229
-8.380321,-21.042665,7.637822
5.2575245,19.394384,-2.6950276
1.1359004,13.202469,0.86425596
29.860804,4.161915,-2.8806732
0.5614708,-8.523574,0.29001904
14.87641,5.4939156,1.7095712
-0.9944707,-3.8944688,-1.8636919
-10.89139,15.721692,-5.9059615
18.102636,-6.634115,-6.317433
-12.13997,-12.840647,6.7719817
-12.740394,-1.2991989,-6.8027873
1.6311827,-11.549825,8.817863
2.5346973,-7.0799956,-4.1562138
0.42900166,-0.36981985,11.271749
11.502349,4.3201866,-0.85142434
-1.474613,19.695992,1.39129
-7.654015,-15.388728,3.5562363
-1.2460687,4.8032284,-1.8862978
-10.550053,-4.8539357,4.7535768
24.553709,-3.26842,-6.709692
25.902739,0.735937,-9.93595
5.7453685,4.521373,8.859845
13.472743,3.0549142,-1.4567434
-16.850595,-6.770867,-2.6564212
4.645972,-5.0413604,7.3204136
0.27740163,-13.624065,-6.1748767
-15.143919,-10.940453,3.309263
14.4120035,0.5033728,-2.264727
-0.5047116,-5.463974,4.373199
-10.974406,1.1376404,3.3518226
-9.476104,-19.983864,3.4388273
10.265471,8.151186,-0.7557227
-10.979969,3.9097366,0.5013334
3.5716918,-9.780093,9.749848
5.239562,1.956479,14.469377
-0.9255184,14.535667,3.5255208
10.053068,10.281477,-2.9094596
-0.86253124,9.561117,-2.1807935
0.25934497,2.0202,-5.141132
21.149118,-4.9585814,0.386271
-14.416177,-8.976151,-2.1192381
-19.817196,-2.2173944,-1.908152
-3.8010013,17.638916,-0.6032118
-14.377902,-4.1193004,0.99757975
5.3867087,18.461145,-2.1668024
-18.644197,-2.20364,-2.8273962
-3.5369217,-2.8703349,-4.2870426
-9.511875,12.369744,1.2616104
-13.88151,14.7946415,-5.7269077
4.705025,7.5653434,17.431292
-13.568657,1.5389754,-1.3622915
-14.075225,12.370389,-6.416495
-14.00583,-17.393972,2.0466237
9.944788,5.3094873,2.6552098
-8.768536,-22.962055,5.7855663
22.44799,-5.1172276,-1.875913
-6.075956,-7.8359003,-5.1950884
-9.78522,5.284003,2.8107665
-7.527826,-4.938907,-4.550683
5.187467,19.577694,-2.8081021
-1.9331971,-4.0826864,14.417275
1.9844174,-10.836064,9.726979
19.90199,-2.828584,-11.642911
21.977808,1.0809739,5.9734726
-18.385912,5.306928,-5.995478
-8.1355295,17.765812,2.0282118
-4.058137,-11.807406,-8.823961
12.2858515,8.558833,6.6378856
4.277027,-5.1560125,11.772346
17.913002,4.645938,2.0769048
-19.510323,4.635767,-6.8532248
-18.052279,3.8219383,-3.5392463
-7.340176,-20.704731,6.0643415
-19.45824,5.575481,-7.1505146
-12.548246,-19.337889,2.6429474
-5.1390553,-7.400028,-8.298596
16.150671,5.9452443,8.251591
-18.114729,-11.84812,-0.34844384
-20.84238,7.590765,-0.12595639
9.040498,6.360137,13.025008
2.8332808,-5.430775,8.658019
-9.759141,-8.146184,3.1714442
1.9792805,20.014763,-0.15259457
-3.750584,-8.764172,11.591726
-6.543252,-8.283146,-4.7086525
8.449755,-3.42796,5.8298945
15.645945,6.170373,8.728991
1.1146636,9.102407,-0.9467683
7.789707,8.533807,-5.2860866
-12.212012,16.530823,0.32753605
9.777449,10.239135,-3.479763
-16.008102,8.197031,-7.1605887
8.394439,9.887688,-4.8024855
14.581105,1.2862755,-2.0801396
17.43083,4.8263955,3.4530609
8.387044,5.808644,6.0482883
-1.7021173,10.53094,-2.2171962
2.8717184,-0.84114826,12.766121
-0.10227323,19.550884,-2.6692367
-18.665545,3.2752473,-4.5599976
-5.287772,-1.2421503,9.228221
17.98463,3.3241076,-3.0493393
2.0822732,-12.4254875,6.9694715
-3.091114,-13.943847,-9.441785
7.240715,2.7774515,2.644539
16.010752,-0.40565538,-9.266748
-15.2895565,-12.434011,7.8356857
2.079578,-13.032115,1.7352241
-0.57131386,17.179667,2.905187
2.9560935,15.226594,-0.7642937
-13.203103,-7.968134,1.2348683
2.934013,-8.558029,-9.212366
-7.293533,-11.484166,-6.8624387
-15.870814,10.253542,-6.6310353
5.9199557,3.409299,-5.17715
23.977032,-2.4251945,-0.080424495
-20.764158,7.774272,-0.6156577
8.071645,-5.355315,10.386466
-13.523786,-2.1768203,1.271435
11.979546,17.329739,4.976693
16.406378,-4.236465,-9.481156
23.043362,-4.093662,0.7780722
14.043919,-3.901414,-8.974275
24.572216,-3.421529,-3.2781181
-6.5311675,-5.723814,-8.4581995
-8.23066,7.948276,3.6279454
22.804901,-6.89542,-8.270107
-0.06500048,-6.6041517,4.494693
22.381456,-5.4024816,-8.642769
-2.7619476,0.7872474,6.3786755
5.7080455,3.21314,5.30891
-1.88374,-4.7500463,3.081102
-10.233602,15.898025,-2.525207
5.5757885,4.337639,8.746362
-8.520106,-12.6332445,-9.8716955
-2.1075258,15.495784,-1.3338436
18.454056,-4.865998,-11.011968
-3.7525682,2.737141,-8.447555
-3.9327805,-11.755979,-9.404794
1.1060394,7.564369,-0.77552515
16.119019,-0.12752731,-10.544443
0.9983089,13.371923,0.23834534
-8.699656,-19.705029,5.4384465
-0.94775945,7.024019,7.0712123
-8.228337,-18.123966,2.4943266
-8.382784,-21.857403,7.5355525
2.8360088,-7.6880608,8.137146
6.481215,2.2468126,13.128498
11.478886,17.57093,5.9356875
29.38758,7.480963,-4.5664268
-1.709119,-4.715445,3.363021
-0.8196878,5.701087,-2.1082382
-14.112021,12.463829,-6.5499773
-8.478341,-0.6923041,-3.5118897
19.394382,-4.791193,0.3389299
-0.007970132,-14.299888,-6.1642957
-11.080731,-3.1556349,-7.90885
-14.121705,8.423027,-6.548781
-18.502478,-2.9826322,-1.6644274
-20.363567,2.5078282,-6.7292523
-11.036465,7.7301216,-1.2454937
-11.063806,3.3633556,3.4669013
19.755995,-5.522229,-7.138103
-5.2101545,-6.251169,-5.2220783
23.518328,-4.149715,-5.393915
2.4699945,-10.546283,3.815682
4.7877955,17.203974,-1.3937429
-4.302311,8.482446,-2.232453
-3.6603322,-7.4241424,12.26727
11.020331,2.7248518,-5.3101025
-7.287701,-3.041421,-3.856536
12.0149,17.084215,3.0101087
9.359493,6.5499816,1.1424154
1.0460151,-0.2820104,11.704068
-13.598332,-8.949609,1.7048702
-8.476519,5.3637366,3.8566499
27.924742,1.147657,-0.7542241
0.6448586,20.04704,1.0706655
-9.377943,6.2872276,-3.6155655
13.122965,5.1977286,-0.7017057
-18.385181,-14.50092,-1.3038784
-10.042504,9.477075,-5.961441
-11.580354,-11.9217,6.4251275
-10.97605,3.4835346,3.281989
11.636027,9.847448,6.1072087
-10.661235,-8.938747,5.854453
8.644681,16.39369,-0.8969776
3.4552755,-4.700726,10.196895
23.279396,-5.357096,-3.3714447
-22.225233,-1.6252468,-4.4852195
-14.23467,-15.567792,3.5631526
-3.6592445,-5.043685,-6.5012937
-1.5708386,-12.367472,-9.774329
27.513342,-2.2246187,-1.7229303
-11.330904,-6.940664,-0.3563125
-16.80812,6.9407506,0.685489
-1.8715255,10.415774,-2.2181127
7.2427626,3.3841176,-3.3781312
-8.704385,-10.697272,1.5122405
16.3721,-0.06902723,0.6931135
4.256787,8.514274,19.177439
2.4383512,12.679765,2.3563888
15.762092,-0.9758978,-6.2337856
-4.3838596,9.367813,-1.2641257
8.806811,5.365929,6.2813983
16.168304,1.4553003,0.97888845
-2.3081398,-11.413431,-8.557798
-13.304632,-18.186762,1.7773792
1.8597387,-9.7925415,-8.897863
7.114342,-5.262112,7.449363
-18.79174,5.9625263,-1.5417619
5.6218715,1.0969521,2.8316724
-13.294713,12.373193,-1.3417052
6.0752068,5.791442,16.288424
12.04834,17.101084,3.1634357
-0.6450015,-0.6179608,10.759306
8.567131,5.5549207,-3.2444158
-5.1511993,-2.8286836,-8.110322
-5.3112297,6.960151,-4.4551477
24.507698,-3.3411841,-0.26493946
-3.8156247,4.0492463,-5.741243
27.961086,-0.6319912,0.2325373
29.652685,6.252574,-3.6840053
-17.4984,-8.553978,0.91201097
-19.4426,4.9556766,-6.9153748
-2.9804502,6.8880386,-3.6026444
24.078623,-3.4960124,-2.0208387
23.32439,-1.5151396,-11.0247755
2.7979248,2.2046254,17.67918
-1.072185,-13.524136,-6.525836
-15.377712,-13.637078,-0.7424964
-13.549642,10.485429,-1.5853348
-14.046588,-10.018249,-1.1855607
-0.70961845,-3.9375286,4.9403505
22.327524,-4.7437363,-8.175717
-1.1159168,-5.241595,0.3708964
-15.783312,-13.466219,8.339536
17.624777,4.629505,4.1117706
20.795633,2.041752,3.2685835
-17.801754,-10.442288,0.020740287
-0.93293285,-5.3787417,4.588091
-0.8148452,4.8351417,7.7416234
-17.61029,-5.2767806,-3.6867445
-13.2367935,9.195765,-1.6428845
-16.804394,8.405153,-6.586998
5.5934167,1.4591728,13.495421
9.785297,2.634218,-9.301719
3.480026,-11.444108,6.1752057
-7.7076097,6.6932693,3.841544
11.589193,4.169085,-0.73922795
-3.479486,-1.6288868,8.802023
-11.959523,-10.284101,-9.284904
26.492357,0.012337576,-5.1478567
2.4484055,-6.414127,-4.8034983
-11.402676,-0.0072500743,-7.276676
-14.353063,11.531086,-1.3450116
-12.011008,-12.702948,6.2830048
20.214737,-2.9536989,-11.089295
6.3988233,2.4739141,1.5137699
-20.21351,7.7121882,-1.1707683
4.44408,7.8026123,17.709343
-4.711364,18.502876,-4.2756443
12.912245,4.9539433,7.502059
-1.9346781,-12.984952,-9.478261
17.097574,5.663511,0.5132279
1.1565093,-0.018378846,11.472517
-0.679852,13.323267,-1.8215787
-7.578706,12.540114,-0.32751304
7.031186,-0.17440836,10.593285
5.1485486,17.093782,-1.555662
-4.843656,6.4502726,-5.0093374
-16.512402,-7.2084255,-2.5069578
-13.221075,-6.296852,-7.395321
-6.3750114,-18.456688,3.6696124
17.977095,5.0681276,2.5758386
-20.568893,-0.283061,0.6731181
-10.793552,11.392523,-6.4344463
1.6554784,4.2824655,7.477971
-5.9274263,-8.115066,-6.5344896
18.522865,-4.662352,-10.978477
-9.551393,17.75132,-5.733404
-3.3217945,-1.7678968,-3.0366974
-5.240681,-6.2331424,-5.2175765
18.615932,1.3209468,2.4341435
6.5416594,0.734089,4.479954
-10.694232,-16.634045,7.609403
8.2827635,9.585098,-4.9005175
-2.0969625,-8.962591,-9.523442
18.746271,-0.6006867,1.5945219
-16.877363,-7.8526773,2.1543179
29.441189,7.5489793,-4.2691064
18.064096,2.7859383,1.8053759
-2.0181713,-13.500646,-6.875097
-1.1255736,0.41094318,-5.7852206
-21.85212,-0.65623677,-4.922697
-14.839244,-3.1657338,-2.0742464
7.4877005,16.360628,2.7573354
-1.3785572,11.056589,4.5945544
-20.451641,0.7467327,-5.59079
-14.499332,-12.977692,8.51125
-3.8208342,17.358633,-1.5968117
-21.282684,3.457567,2.4444067
-3.655874,0.9385877,-8.661184
-3.7907605,4.0922265,-5.6164327
2.4260597,-4.8070045,8.044735
5.3733206,6.0512433,12.977793
29.14026,4.6701803,-5.6882524
-8.1972885,-16.478067,-2.2776
-8.981886,3.1122327,-4.85838
7.192419,-1.8782467,10.790059
-4.0564933,-4.3627553,13.712918
2.7803178,2.526191,17.867006
16.013674,-1.208921,-0.49625272
-3.6640673,9.3321905,-1.234297
23.284355,-4.3145804,-5.143013
-0.0810062,-8.244506,1.5431169
-11.56997,0.76589113,-5.4658856
26.859863,0.93926567,-8.359413
9.4385805,3.678205,-0.086900234
-6.879694,17.112602,0.18370914
-0.94836485,2.5804162,-3.7900608
-3.1246686,1.0286195,4.4283786
2.342978,-12.179142,7.0654926
3.891748,-9.497934,7.689779
-4.0002,-13.880657,-8.068286
6.1968656,3.0222213,8.450506
-0.21124318,-3.4559636,8.43969
27.118591,-2.8315434,-2.2437344
5.463459,6.1554065,17.58128
-9.992705,9.468388,-5.93596
13.2020235,2.062518,1.0792118
2.0863204,-8.79968,11.651892
-2.122009,11.818077,5.3130846
-12.442678,-12.505994,6.618705
-3.0281518,1.5107889,-6.4674172
-10.598659,7.496516,-1.7529819
5.1251826,7.8846755,19.694162
8.259149,16.89746,1.4127694
15.346078,6.257576,0.5366996
-10.473134,-6.9227695,1.2023191
0.54982245,-11.412234,0.7409667
-12.415142,-4.3658223,-8.434604
-7.243394,-7.396451,-8.803429
-8.492993,-1.0879184,-8.934867
26.257315,-0.6744305,-5.156744
-9.82439,-18.947502,3.4422789
-10.845028,12.944431,-6.1115227
1.8621395,-11.055889,9.423393
9.957972,6.663581,1.6799829
-5.3615403,-3.630451,13.4626255
-8.757086,3.3786614,-4.1479883
-10.201823,4.3034596,2.6678357
-10.692685,-8.624699,4.555568
21.714117,-4.7643437,0.061218932
-20.540352,-0.30101252,0.6276019
-7.270526,-21.522621,2.5297787
8.509543,7.544833,11.035641
17.485926,-5.4836874,-8.492245
2.7035038,-13.739718,3.231673
19.266201,-2.1649148,-12.643971
5.039033,-3.779376,11.897244
-12.903183,8.125789,-1.85239
-2.3346195,11.886658,2.0369494
14.744317,-1.5365574,-8.033443
-11.883115,-11.173186,-9.347602
-10.722936,14.280645,-6.1385193
-16.906712,-9.2480955,1.998129
6.5850363,3.2294781,-4.9526734
-18.767008,-2.0598636,-3.7445452
-16.848425,-7.441489,2.1704607
10.050192,4.0159783,0.23330274
-16.558603,9.475791,-4.403732
-14.050711,-17.265179,1.6953568
12.9239025,7.234418,-0.19022752
22.882248,-6.4735,-7.15111
-17.680983,8.822837,-7.883289
8.974259,4.6922398,-8.902985
0.90099454,-3.8301704,8.970565
21.682116,-3.2939122,-9.642853
21.726269,-3.4161308,-9.990544
22.733723,-6.7437725,-6.7307925
-12.221538,-13.669768,5.4839854
-5.7009025,-3.4590495,13.40436
14.900082,6.3949733,0.2045821
11.356634,1.408324,-7.8964663
7.21535,16.056778,2.9022875
-21.279837,5.145231,2.1391044
-3.153867,-12.801993,-8.695948
-11.007745,-9.298077,5.576132
-2.8984156,17.88431,-0.008229835
-14.717516,0.3024161,-1.8542426
6.7467155,2.9140413,1.3386092
-11.3967085,-22.29197,4.3069296
-13.211733,12.598331,-1.3085189
-7.3239455,18.798014,-2.979142
-0.91981864,6.777461,7.244291
4.1830297,-8.868811,9.640015
-2.1964445,-10.446774,-11.124095
-19.964457,-1.1866052,-6.518135
1.7906369,19.890455,-0.54776806
-9.839662,5.1657963,2.8457882
9.140673,6.7454844,12.699791
-16.194706,-10.309931,3.5297778
9.3228655,4.0471387,11.844384
-2.477481,15.01029,-2.1831403
11.771036,-0.6211658,-9.101476
23.61804,-1.6679177,2.9840674
-18.16849,3.7302065,-3.9771936
1.5312715,-7.560484,4.109891
15.496752,-1.2240126,-7.4926176
20.46052,1.9965435,3.7220728
7.844995,2.9256191,12.920881
-5.9488144,6.32981,-4.1949024
-10.625758,17.320776,-5.302325
5.794751,4.061286,8.270088
-14.350938,-12.904891,4.3637767
14.4025135,0.84179354,-5.376094
-19.30911,8.207246,-2.1636698
-0.4125692,19.504679,-2.922932
22.451267,-5.658294,-8.623974
3.8611298,4.353257,10.570225
6.456497,-0.8906535,5.498612
0.33852848,12.665911,1.9084506
-8.600856,5.8374963,3.6353543
-16.664097,-12.685978,0.053983923
9.110848,2.6263,12.304075
15.346495,-2.8884277,-10.24894
-11.18953,-19.957165,2.9852412
3.1019845,-8.264709,-3.9997404
2.6009145,-9.658114,-5.3189864
-2.845084,0.26880625,8.810962
-8.547276,-12.138603,0.68175894
5.0994916,-11.189241,0.61957574
0.82581615,-11.177118,9.765529
-17.029333,-12.031544,-0.32156187
2.7647688,-13.482226,3.4388728
-7.6103945,-19.761745,7.5699525
4.057352,16.664003,0.24209577
5.328327,5.938518,17.409824
-13.190283,-7.761895,1.3228266
9.450792,17.573816,3.8829937
5.7286654,1.705996,13.125038
-12.079635,-13.545149,5.8476734
-1.7102468,-12.983985,-9.550712
-12.957541,-3.5381565,0.81593895
-11.139936,-12.356949,6.7148814
8.350946,5.5902553,13.6293745
7.0673046,3.336851,1.0847104
-10.32768,3.0276666,1.7753556
1.1787615,-10.85357,11.0594225
1.0890704,-6.201862,3.634807
-1.9226241,20.006248,-0.5811262
-7.747098,-18.221851,2.5320086
5.830482,7.676409,13.174821
-13.253199,-4.586999,2.12815
0.94363356,-10.018566,2.7074401
13.288549,6.399129,-0.02338384
-18.020832,5.0765176,-4.3200016
-16.645742,-6.52712,-2.3493834
17.37422,-1.0821245,-12.856434
0.5662033,-12.192332,-0.47990733
8.346602,3.205955,12.704809
14.231669,7.283921,-1.417638
12.343648,6.6533427,10.220828
-9.618381,-5.940209,3.316333
-3.7881532,-2.984841,-4.603591
-13.103316,14.845518,-0.08213683
11.962908,-0.972147,-9.377036
1.8190084,1.371673,17.91117
-8.041265,8.014911,3.6874511
15.584901,-0.46419385,-8.6779175
16.342234,-3.2824466,-10.215752
2.367999,-14.065309,3.3820565
-11.148549,12.634736,-6.2027736
9.181847,3.5340984,-9.417068
0.5623623,-8.928982,3.076242
5.040491,-10.978962,5.3521447
-6.5419626,-5.8197575,-8.466117
-17.825783,8.362238,-2.9292738
-11.340155,16.062355,-4.793531
6.212875,5.5129633,14.005375
26.989859,0.5731637,-7.7467237
11.6187725,4.1777797,-0.79374486
-17.187075,-13.13454,-0.41767466
-9.471488,-5.7848024,3.441688
-8.007753,17.661892,-1.8608193
2.669254,-2.7769375,12.572439
6.82594,-1.4118507,11.803069
7.9345765,16.718342,1.8379074
4.725191,-11.922972,-2.4931855
-15.402354,-9.669533,2.6221676
26.697136,1.1937991,-8.891547
-10.233527,17.275576,0.33914268
-15.109884,-13.350131,8.551152
18.482035,2.0335417,-1.1866335
16.045341,2.0881424,-1.4369303
11.36895,9.332466,6.1999393
26.971144,1.8427941,-8.779188
22.150034,-3.2370417,-9.936565
-8.5,-11.480861,-5.5572987
9.572276,17.360884,3.9591196
-14.635584,-10.450567,-1.3586437
28.80001,2.3591938,-0.35662025
10.518039,3.705163,-6.391161
29.75296,4.024244,-3.7746406
10.639245,17.67151,1.4456897
-10.34357,-11.6472225,-9.89405
-0.58155125,9.859286,-2.2676446
-15.01115,-2.5768278,-0.15052693
9.994598,2.2427373,-10.360027
-5.793726,-7.7235355,-7.053939
-3.598231,1.2349746,-7.101335
8.30804,0.7734865,12.422375
-17.388716,7.9340105,-3.5250735
-19.19692,-0.45543897,-6.5474086
17.054163,5.8417478,0.0941281
-22.200111,-1.6814162,-4.5021224
27.551903,2.9742253,-8.190649
7.366469,4.4201293,-3.4103067
-6.4439926,-8.190367,-4.7904425
10.807445,17.398443,1.1682485
-7.526964,-20.945702,3.004707
14.429655,6.5087047,-0.26928136
-17.562616,4.17549,-3.7915113
5.3413095,6.844584,17.552025
1.4692327,-14.324691,3.3196335
-9.502206,-7.3058887,3.0626879
-13.692128,10.976979,-1.5947039
-5.974541,-3.8381271,-8.294203
27.416395,2.701821,-8.379105
15.040118,2.1345549,0.40356213
13.938812,-3.7720554,-8.750814
-8.474077,-16.017523,-3.1017864
13.586117,5.0651364,-0.6694613
-10.876862,-18.90768,4.5002227
-7.955846,-20.300043,7.046358
-9.645362,-0.72036844,-8.429904
16.390701,-0.082664795,0.7110469
-20.115583,-1.3402193,-0.5492122
2.6480634,-14.0283785,0.36502865
-8.099056,-15.180151,4.5799565
2.9793422,4.572951,18.705208
-7.4930763,-3.3794093,-8.564411
-3.792145,0.4540783,-7.5609083
9.716055,5.1417255,0.6500387
-10.156197,-10.723553,-9.104
-5.711808,-6.9565663,10.854737
-0.40242782,-0.9271183,-5.7199917
-19.563519,6.7528944,-7.5532575
-11.700403,4.355697,-1.4214222
-12.263001,-5.490304,5.0064397
-19.078882,-10.517489,-1.8571671
29.865051,3.7594337,-2.7465765
-18.562517,-0.23371635,-5.558429
15.166299,5.704101,5.347878
2.589121,18.603952,-0.65560853
-19.959372,1.8881536,2.979734
29.161823,6.240648,-5.4750147
-10.877333,-9.452117,-0.53577936
-14.648267,-12.499653,4.181373
-20.664059,8.313565,-7.641681
-4.433382,-3.2580473,-6.805238
-0.924774,4.1944857,-2.8514678
16.060448,1.1511025,0.89873505
-8.338211,-16.178452,-2.6380436
5.628728,2.524416,10.262678
-12.677204,-5.8710537,-7.677139
-14.240652,-16.999086,1.9805638
-8.122968,-15.239681,4.557255
-11.3445,0.3888799,-4.643568
5.680417,1.5499556,13.587222
15.737416,-1.1086977,-2.2772148
10.799158,17.357105,1.0482836
19.28158,-5.936464,-5.110738
-11.649981,-4.3645887,-7.3857884
-11.209837,-7.0186524,-1.6095899
4.8070517,-11.365956,-2.071521
3.754355,-11.349869,5.68774
-4.3786774,14.706763,-0.120966
7.257922,2.2652295,4.2502475
-13.872429,-16.432713,3.2324636
5.6963887,2.7811375,9.6618805
6.26613,0.6713916,4.7102723
21.82721,-8.053141,-8.2787075
4.29732,7.949798,18.508053
6.9966445,2.7748458,2.1601775
29.537846,5.8646107,-1.0915679
9.372554,-4.0231514,7.6288953
3.9224248,5.5692415,12.0158205
8.66265,5.6606617,-3.3317177
12.502795,7.6600285,0.4004699
7.585866,-1.6788609,10.433579
-2.8103385,-12.043257,-8.381649
-13.16324,0.7863252,2.6446412
-12.818404,-20.068924,2.7382927
22.400223,0.7664121,4.0351467
3.2658536,-10.2530775,2.3794236
-0.8721928,1.2135231,9.959437
-12.97581,14.929278,-0.08732913
-0.2028322,1.9097245,-5.212743
-10.638297,-3.012866,-8.737538
-19.09846,-10.3921995,-1.9485451
-19.12019,7.4412866,-2.7984495
0.21338956,-4.704194,-4.6903386
-15.016832,-2.8172288,-0.23165894
-13.379849,-6.712701,1.8389345
15.59839,-0.61709744,-11.904941
2.5735857,4.466837,10.853764
-19.297403,5.920893,-0.08242027
-4.361222,8.443545,-2.4065185
-8.529606,-12.351324,0.5585988
-10.831506,1.1960157,-7.48036
4.96637,-11.025116,5.1272545
2.8998363,-11.072386,-6.1209908
-4.823165,-3.0303671,-7.4862375
-16.304338,-9.707702,2.8717468
28.127636,1.2739632,-0.4692304
20.285963,-2.5358064,-12.727983
2.983053,2.4392328,17.691555
9.175045,4.328254,-1.2330058
7.0317063,-0.26678705,14.072501
-10.223321,-6.817362,1.4095044
-1.9988749,-10.809868,-10.643174
-3.4078553,15.920509,-1.792928
1.4776602,-10.147569,-7.2120214
-18.466314,-0.3296383,-5.347481
-9.0723915,-15.507907,5.7582664
-3.7240796,-8.495264,11.720545
25.39173,-0.9019309,-9.631651
2.5342717,-9.643248,1.4284004
-9.725434,16.079683,-3.4697554
1.8586544,-10.166878,3.3830507
17.547462,-1.1406803,-12.94624
-14.45222,0.61025083,-1.8465956
8.8334,20.183151,-0.6469538
17.770823,4.295318,1.5672711
-8.357336,17.393314,3.0569632
19.812254,0.51925987,2.2032518
14.918978,-3.2461066,-7.966365
1.103296,-9.753868,-9.517702
-1.9565129,-0.16658255,-2.4984195
11.706173,6.3128066,9.4347315
7.3453684,-0.8376806,5.8153324
2.452112,-6.454215,-4.7810087
-16.266987,-10.07668,3.3478236
20.415224,-4.9855576,-0.13901825
-2.598045,-3.4732273,8.734203
-4.3025346,14.777745,-0.24876752
-2.3785343,-3.4750795,8.879999
-9.984856,7.0504637,-3.597242
3.24563,16.128498,-0.9142689
5.086662,-11.142606,0.0070341355
17.45193,-6.5676804,-6.6631956
-12.418537,-4.147391,-9.261198
13.478518,5.339729,-0.5156003
-8.765935,-18.44013,2.773998
1.6847862,-4.113953,7.8121724
-0.04941262,-11.105832,10.018917
1.2949624,-7.311871,4.2069325
29.12957,8.140839,-5.4239073
3.8957286,-4.987999,8.818811
2.4729602,-13.960608,1.5262372
-0.91135424,4.4297247,-0.94780517
-7.834862,-11.542214,-6.097673
7.147748,3.6460288,-3.4978442
7.5870214,4.91419,1.3581048
-5.8439565,-10.070912,-6.98954
-12.335664,12.664074,-5.6888475
-20.71796,0.8365612,1.4179002
-0.7405024,-8.486798,-1.504275
3.2466006,-8.450665,7.434762
9.852473,18.996016,2.5412087
-8.614018,7.293018,3.3962038
1.505847,-6.2705164,-5.455646
-10.811558,3.6567943,3.6712
18.094835,3.1058493,-3.2405488
-0.81224036,8.594071,5.7603116
14.1617565,1.6090938,-4.432106
16.152075,-0.63892764,-12.02282
-19.991308,-1.4928693,-6.5497637
8.878955,16.692213,-0.63855547
1.2261616,-10.717312,11.116145
8.417618,-2.895965,6.8152666
9.845719,10.253637,-3.3391247
-16.542175,7.5442824,-6.525016
-20.062922,-11.916101,-0.4398583
4.515733,5.0175295,17.695154
-8.793774,-0.30271822,-3.5279276
12.373435,17.152071,4.3549643
16.009846,5.5136395,3.2828145
2.4389987,4.2980423,10.929748
4.610188,-11.483434,1.7514359
22.49032,0.56921154,5.2324605
-11.28642,-10.435278,-8.582638
4.294342,17.021368,-1.0412239
-1.2367386,-13.235478,-9.694572
10.273916,18.439737,2.4903715
-13.497726,15.0470705,-5.6465993
-6.1598015,13.164994,2.728566
-3.6587408,-7.332578,12.310565
-13.547137,1.566273,-1.2276438
11.125589,0.5027202,-8.541522
9.912541,3.011921,-6.3719378
23.339636,-4.239674,1.79071
-8.372271,-12.547774,-9.944413
-8.40338,17.618256,1.7329091
9.153696,7.5752783,9.556906
-10.37595,6.60739,-3.0818663
-4.750255,-3.9721868,13.596567
4.8245244,17.960817,-2.017371
-12.672498,13.600196,-1.3227559
-16.681652,2.3126829,-3.6415455
9.693744,6.1869864,-1.7620559
-7.2498136,-3.4784663,-4.002032
1.2001841,19.596884,-0.9570274
14.970529,-2.926964,-9.900654
8.672924,19.66691,-1.0406876
-19.131226,-10.302269,-1.9848077
28.657215,-2.9046679,-1.5171978
-2.1923943,-0.6158244,-2.572024
-10.220954,-18.477755,6.2742505
-10.185188,-1.721687,-8.234379
5.034302,7.3729157,17.240416
-17.615631,6.5545516,-5.482827
1.2697111,-1.6169984,12.235898
-14.315491,12.781052,-6.9917607
13.940978,1.4329133,-4.6144376
-4.260327,-7.3629394,-9.121657
-2.1157918,-10.686383,-10.801688
12.765285,2.626729,2.1742454
10.094199,4.6637197,-0.9453659
2.39161,2.7527807,18.287218
0.947714,15.30568,-1.1823453
-5.825309,-18.445368,4.504373
-3.9761498,-5.648214,13.16498
18.837357,-2.711048,-0.27828705
10.48105,9.602379,-1.6413933
-0.91300964,6.710116,7.2947364
-13.578021,10.3512335,-1.9649856
-12.570915,-19.829084,2.7606285
28.182123,0.75951475,-0.18043512
5.84286,18.863302,-2.2047372
-13.968232,-16.875269,2.6331894
-9.717841,-17.88191,6.8718123
-0.4642285,6.6459813,-1.3492783
-14.071703,-14.03743,4.027706
-7.521851,-19.82581,7.4728546
-10.543067,-3.445931,-9.374235
3.2962773,-3.9321856,11.699021
4.0285764,-10.60733,-2.5729547
-18.176664,-1.3076295,-4.8762903
12.047689,7.6480308,0.52683663
1.350466,-11.240511,9.32425
0.6319378,20.145325,0.46921682
-0.79615325,-5.4614506,4.0303836
29.483728,8.334735,-3.4868762
-14.578074,-8.695238,-2.2574065
12.746398,2.6417227,2.548777
-22.1889,-1.3758796,-4.6445413
19.930336,-4.9204063,0.73333025
-2.3174117,6.8006244,-3.127474
7.543022,5.7183056,-0.081533484
4.252452,-6.479564,11.597309
-9.281862,7.3840747,-4.6643767
-4.831472,-7.590289,-8.8502
25.364676,-3.459638,-1.2759585
8.07335,-4.557198,6.605767
-7.508075,11.681536,-0.14093411
8.033356,-1.2582841,8.903408
-11.815996,11.992486,-6.6199627
-4.4154725,-6.8750186,-9.4561
-4.534982,18.487862,-4.1555285
-16.506746,9.0107155,-7.1643467
1.251387,19.35885,-1.3323551
-11.3122425,15.106483,-2.5328512
-18.066868,-2.6783025,-4.2773
18.541634,-3.4600716,-0.646827
-13.624228,-5.8809533,3.082737
-6.487871,18.636992,-3.155171
6.3236723,1.9797806,8.648064
-8.408045,-11.201631,1.5919507
-20.682272,6.019414,1.1756955
-6.029749,-9.710701,-6.670588
-7.236878,-15.621457,2.3986409
-3.369328,-6.0612583,-7.2138405
4.3335996,-10.073604,2.9289222
-19.251987,5.707728,-7.0305624
-0.8451807,9.49883,5.050496
-0.54721475,-7.254374,0.7230528
-19.792173,9.539224,-6.3848825
-10.73892,11.455615,-6.4049835
15.762885,0.24989751,-3.7983506
16.508863,-4.4228597,-6.5092897
-9.815366,3.845778,-3.31973
-5.5841274,-6.8875003,10.930989
-11.224486,16.089922,-5.5665345
8.012004,-0.029019898,5.844401
-0.88641983,14.719246,3.485543
3.012742,-5.4965496,-8.299066
22.323502,-4.989981,-3.8419383
-8.589485,-10.8873005,1.5393858
-4.312113,-3.300069,-6.3847833
9.339791,2.864346,-10.052176
-10.161553,4.2489424,-2.898353
22.771238,-4.2455516,-0.72809196
-2.80722,0.07105093,8.313209
5.082426,-11.135134,0.25634167
21.982212,-2.3066838,-12.029733
6.751009,-1.3498394,11.986122
20.02235,-5.1629515,-0.818993
2.552102,-14.117732,2.2372804
4.0268493,1.5795132,15.639199
3.7040722,-9.762066,8.406363
8.230719,-2.3797314,6.727728
-0.9550991,-3.9633527,-1.889259
-0.72786736,-0.077909835,-5.2485566
-15.214275,-9.759065,5.6340504
4.6272078,16.683155,-0.08204729
-11.201281,3.9394515,0.11285286
27.533358,2.9943578,-8.331364
-10.72522,-20.126337,3.13318
18.476265,2.039341,-1.1926967
26.99734,-0.68407047,-11.141444
17.8579,4.473323,4.3308916
10.681894,5.5722528,7.951162
18.15741,2.3302226,-2.701962
10.1269455,7.2005653,0.6996045
7.356189,6.940303,10.59594
-10.35621,4.264068,3.5109372
-1.1196191,11.291538,-2.1511729
18.792198,3.5316641,4.5250654
-12.998592,-7.5643883,-1.8207071
-8.287649,-14.835048,-1.6739726
10.437873,2.1421144,-7.8911014
-14.267832,-4.3142157,-6.2425923
-7.645919,-15.369286,0.6061597
16.363855,-3.4605522,-5.8165455
22.696053,-6.9948716,-7.9990697
2.9837744,-14.150866,-0.48010325
-9.8641405,-15.880038,6.6419663
12.091716,17.072803,3.0214949
12.240498,-0.35455126,-12.713916
-4.0461936,6.8423038,-1.1280026
-10.195687,-21.904963,4.858946
12.348881,-0.41613743,-12.742915
29.499336,6.83096,-4.2498198
1.2661004,7.3963046,-0.6352976
0.5870615,-5.2263613,-5.145143
-17.134443,7.1623535,-5.8934045
-13.496918,-6.577105,1.9795231
18.327765,5.3374133,2.3989453
9.765651,4.9793096,-6.5638247
5.503122,-3.2581975,11.901748
3.3641744,-10.100276,9.226825
2.887605,-8.606558,-9.215942
-9.370192,3.9326513,-3.4563975
22.08143,-4.6502285,0.42260036
4.8183427,-5.054574,7.273724
-2.656223,0.75263834,7.3771834
-12.543342,-5.4701505,5.258123
-6.482298,7.0530925,4.0618668
21.07744,-4.9084954,0.54765815
-21.275015,-2.2929702,-3.0621233
22.950336,-4.451131,-5.8987
-16.63422,-10.997316,-0.7864754
-11.731316,-8.979825,-8.671154
-1.6730695,-4.019843,14.673418
-3.294833,-1.5059667,8.830917
2.7541673,-13.848964,-0.33129147
-14.445677,-14.221574,9.272924
-6.089777,6.2729297,-4.2139792
9.645901,19.171545,2.7373006
-15.072994,-3.384396,-0.51628196
3.2436109,-4.400134,7.2364607
5.8631706,6.4511414,11.62611
20.958254,-4.7600727,-0.6335973
2.0450835,-9.889241,1.1883812
4.9397807,2.7970953,11.407059
-14.760727,2.7426639,-2.315849
-19.069798,8.224158,-8.109893
-10.636446,-16.539532,7.531701
-12.3528385,8.079818,-1.6824876
-11.5312195,-13.999871,6.831846
6.1532536,3.489805,-4.540583
-0.8501263,3.8018708,7.6806602
24.579288,-1.282121,-10.179799
-0.40440378,-1.7218148,-4.9379225
-8.187752,17.717115,2.2567205
0.80316764,-9.964077,1.8725511
-9.784007,-6.552074,1.6979487
4.5552363,-4.063422,11.573433
-3.1383986,-13.72466,-9.281228
-5.7362976,-8.141674,-8.810683
21.315945,-2.8978744,-11.728287
-12.230094,-5.522634,4.9661517
21.160353,-2.583541,-12.154084
2.9528759,4.066684,10.861412
22.473442,-5.0162706,-4.2276406
-10.602382,0.28181252,-4.0724926
-11.318042,0.14369966,-7.2393584
-8.736587,-20.082699,7.462182
-8.241532,-15.21793,-1.7010037
-11.323858,0.4517385,-7.234438
8.608596,-3.5454934,4.494266
23.565807,-2.3496723,1.451409
-12.986228,-1.6089873,-6.6786456
4.2583566,-6.0078716,11.572759
-18.466805,-1.8663421,-4.1620426
2.358468,-11.889243,-1.9368364
29.1573,8.246276,-5.2937517
-14.303915,-2.9470716,-6.398734
2.8815587,-10.057457,-5.141435
0.89382213,1.3371137,-4.331248
-13.644184,-0.49186048,1.0943074
-13.072729,-7.5932903,-1.8042101
20.775486,1.8903924,3.8518293
-2.9084623,-3.4618409,8.497568
-15.854921,-9.391611,4.687962
8.1937,19.699095,-1.3335696
-11.528171,2.4507906,1.3497037
-9.546349,-8.368565,2.6719525
18.851967,-3.77334,-0.73878974
7.142643,-1.0304652,5.719824
-11.611269,15.520261,-5.646636
-10.739023,1.5023447,-7.39836
-5.078103,-1.1911031,-2.8928442
11.870596,-0.19558178,-8.470312
16.24381,-1.9982992,-5.806509
4.411332,-11.4096,1.9105185
-0.5901219,-4.0996866,-3.2262125
1.240165,-9.85842,-6.9640512
9.141537,3.5991266,12.089033
27.07668,2.1041732,-8.729923
23.237537,-5.7955546,-6.9411902
-3.461343,0.3270876,4.32301
3.26599,-10.393024,8.862948
-7.3554125,18.186005,2.692395
1.513225,-9.8025,-9.16547
5.595674,2.5815017,14.561638
7.2156215,6.878132,10.333882
3.5412426,-9.032612,-3.4048119
-13.5083475,-3.4535909,-6.576165
3.4137883,-4.890665,9.576057
-13.490998,0.13300224,2.370961
-4.1559205,6.438527,-0.8615923
0.82122666,-12.599007,-1.2113692
-2.497984,-0.9799385,-2.6274476
9.804691,2.483862,-9.549792
3.3399405,-7.313841,-9.325471
23.854616,-3.7434335,2.4497478
-21.027927,7.0627513,0.80560285
-4.097046,3.0346055,-7.5578237
-15.503018,-12.084857,-1.6825376
-16.6036,2.2449324,-3.6373472
5.2335024,6.9654164,17.309607
14.822778,-1.5511739,-11.242351
-12.823762,-5.846684,-7.6756854
8.347438,6.2970757,1.4526718
-0.9453737,6.3213263,-0.3984552
16.355968,-1.7856479,-1.8140868
-0.09012224,10.58568,2.9897418
23.191172,-3.3878057,-8.726774
7.8346767,-1.5970023,6.2493687
-5.948584,-10.373943,-7.466461
8.691603,2.8936229,-5.687988
-0.58744454,-4.7950654,4.510237
-13.884853,-12.772229,8.769081
-0.66104794,-1.0256616,8.290373
-7.8117476,-18.00429,2.3349342
-11.845386,-13.470435,6.3407593
18.747278,-3.4916112,-11.193979
8.674287,3.1406655,12.544699
5.0530314,7.908191,19.63167
5.8035836,0.7304204,3.8099725
-13.904814,8.217224,-6.5459204
-13.171712,-10.952822,-7.272535
-8.149323,-16.694395,-2.235218
8.050672,-2.630092,3.8865824
-0.84809494,10.445781,3.345978
10.113027,4.166056,-6.5341735
-9.00841,-11.07755,-9.779823
-2.3980875,-11.434987,-8.557198
26.847994,1.568943,-8.839842
-5.0422177,12.852956,2.2491043
4.618807,-10.118892,7.1107354
8.015903,-1.5202119,9.110866
-18.24879,5.5288124,-6.047915
14.9987,6.254906,8.395448
-1.6404964,2.3033028,7.9308743
-6.2584643,-3.8337476,-8.389393
-4.586433,0.15070873,-7.853548
0.42215398,-9.169952,2.1354702
-1.1239758,-0.087339394,-3.7644577
-8.29061,-5.3377366,-4.4742513
-4.530409,17.79635,-0.045281537
4.9964714,-11.016265,5.295465
0.95416856,-13.150725,-6.0565186
7.69698,-4.960739,6.7998834
14.109403,2.0315795,-2.3115284
-0.98901707,11.722381,5.910928
27.539658,3.0244355,-8.376651
-3.3038828,0.57372975,4.6171484
-4.773698,-7.7689643,-9.077492
-16.431314,9.728213,-4.670156
-5.436482,-1.4923228,-8.728061
-10.421034,-13.162381,-9.551047
23.136528,-5.660913,-2.7924657
3.3122633,2.5755029,17.544422
18.066202,-5.82994,-6.103693
-0.9195659,20.153582,-0.7657594
-13.822605,-5.6889534,2.86839
-1.0903319,-9.71575,-10.047786
16.21358,-1.6993974,-2.0069003
6.581153,2.793138,7.404626
2.5579236,-7.096152,-3.9598105
4.6939163,-11.331443,-2.16226
8.669008,5.847551,-7.441722
4.8197184,-11.193603,-1.8785762
8.488081,16.252523,-1.0762979
-13.37714,-3.1199672,-6.6006775
-4.1372294,13.282,1.7579591
11.349653,-0.019701032,-8.91497
8.076138,-5.7363186,10.501934
-0.5690418,-9.684548,-10.048498
-3.630596,16.447859,-2.1819785
-3.887297,-2.6658058,8.300681
-10.638325,1.6861712,-7.4043956
1.2037022,-3.8919342,8.096828
-9.707,-18.233501,6.762842
8.586364,-4.1595654,6.4742985
1.7760837,-2.79442,12.42205
-15.471323,-3.519857,-0.56357837
-7.97546,-15.764742,-0.90362257
27.028503,-0.67560184,-11.179683
16.055927,-1.0709323,-0.17252342
-8.981769,-9.794061,1.9026687
13.013757,-3.2670147,-8.57808
-4.498756,-11.606802,-8.58677
2.5481262,-14.092341,1.3498069
12.8888,-1.2942551,-8.265583
10.223137,4.9626145,-6.6633744
9.657086,2.9961839,4.9277973
0.24427916,4.5755043,7.9308887
22.644545,0.34063607,4.405974
25.049536,-2.777263,-9.022619
-6.6026073,18.549397,3.2830088
-4.010976,-1.125626,8.59981
-9.447929,-11.620255,-10.270904
-15.410343,-13.650899,-0.74111325
-5.6472864,18.439133,-3.4644163
1.0177686,9.023405,-0.91185564
-3.244753,-4.290495,14.001558
27.922989,-2.759834,-1.8596231
2.9990027,4.617467,18.7051
5.7521777,3.5842416,14.64453
0.8420448,19.604523,-1.2945013
0.37760207,-6.35636,4.366664
7.9047904,4.121827,-1.1396922
-13.4420805,-9.832381,-0.49890003
-7.6604915,-8.705307,-2.8653603
-12.758827,-5.7780824,4.6007776
22.367117,0.82307655,5.8674793
-2.0767915,2.0978124,6.5997734
-0.64548445,-6.973318,0.7408512
-10.531786,-9.836778,-0.50609624
-8.443506,-22.14575,7.6865444
22.339594,-3.0654294,-9.529016
-5.895879,-8.177278,-8.899613
-3.093513,1.0284662,4.6108446
-18.442005,-0.7506738,-5.0430984
21.960852,1.098239,5.946508
-10.639032,-22.295496,4.77728
-14.120699,-4.1200714,-6.3108497
28.326374,1.3487598,-0.011077636
16.83099,-5.1541586,-6.980355
16.183037,-1.601375,-1.7857589
1.8289347,-9.9549885,11.015982
10.643265,7.703875,0.2600093
18.689035,2.7433236,2.291173
-18.785154,-2.954346,-1.9264605
29.538477,5.9243226,-1.083344
-1.03522,13.934773,-1.806657
-11.522316,0.5449324,-5.2610574
-6.624224,-18.501196,3.3734956
19.520357,2.441955,1.8005817
-11.79199,-10.517558,5.8755765
-17.70966,-8.723971,-0.049544934
2.8675253,-12.188936,5.198296
14.929504,2.2786396,0.6923084
-5.520347,-1.4490389,-8.893042
-0.8234605,-6.911318,4.716795
-17.948206,4.64831,-3.4280403
-11.2237425,15.890964,-5.430153
-2.0921373,11.804709,5.3108273
7.427183,5.9129257,14.573322
-9.791265,17.302053,0.39974424
8.506964,6.5289583,5.9286327
-12.752615,15.439518,0.14497383
27.371609,-2.471868,-2.2978392
-20.157137,-2.2065618,-3.2884963
-13.988919,-6.3213997,-6.833789
-10.667817,2.907245,2.2772582
-7.436327,11.400518,-0.01574391
1.2710217,13.148907,1.0687886
