0,1
2.817972,10.404908
-2.364003,0.9559772
14.200014,4.6556187
4.8408175,12.15544
-0.3881242,8.13471
11.522894,13.089436
-1.7509593,9.8718815
-1.5974127,0.24011758
10.565522,-1.9028789
11.8022375,7.5958815
12.983662,11.419065
6.8350186,8.692755
8.847596,4.8004003
9.204497,4.6930532
4.6721287,8.315161
-1.7195499,9.857968
-1.5744377,10.245797
-2.5268934,0.7746358
9.647358,7.8439846
9.294865,-0.6062123
-1.0290563,2.3329062
-2.78727,2.4414666
10.202426,2.1254532
13.780807,3.781009
10.961529,4.3452563
3.1084027,10.687532
-0.7577925,-1.7174631
1.87428,10.736784
-2.8384771,1.5150222
12.052447,13.401321
9.170368,-2.7174337
-1.0100316,-1.8154866
10.150209,9.667082
9.16788,-2.755567
12.813109,2.0481625
0.50515515,9.6574955
15.773625,5.645048
10.219781,9.5356045
14.494204,6.2821703
10.163332,-1.3264408
13.576859,11.677373
9.892428,7.6365113
-1.2692627,5.605236
-1.079218,9.8646
10.563695,-2.0069811
10.031026,9.419878
4.094253,9.777545
14.6511,8.620016
3.6079671,11.001406
-0.14388505,11.283323
-2.6699169,6.273267
9.290226,2.1227517
8.645487,-1.8978351
6.608783,9.946949
13.944019,4.8458047
7.388899,6.7417245
11.4229765,11.022119
13.292542,2.534062
9.611074,-1.4117985
-1.3022635,3.230735
8.493258,-2.7755778
-0.17995374,9.445971
10.8715515,10.4885
12.632321,2.4900498
-1.6755081,9.872816
11.333403,10.9173975
15.106407,10.965709
-0.83643925,6.16434
14.888899,4.5604806
6.5243526,9.914218
14.24911,10.804424
-1.7009414,10.323089
15.013046,4.7256
9.576476,7.3526
-3.3311195,3.0475194
3.8408813,8.659247
11.8448715,7.1647024
7.8020115,7.2290483
10.533415,-1.8248384
10.916938,0.2193689
-2.4240184,0.27925774
-3.0823112,7.57056
7.4043875,5.778049
8.834543,4.401519
-0.88551146,7.2675605
13.007062,12.144639
12.73427,-0.014723763
0.20701936,10.429952
14.761388,8.494732
4.6313415,8.444073
12.920516,5.5924463
-3.4144788,3.444152
11.019895,-0.64128315
14.425812,10.112183
-1.658798,0.9606183
3.1632397,10.816405
12.5751,4.563263
4.023749,11.681541
-3.059275,7.0623918
-1.8115668,7.2687974
15.907952,5.093042
15.362739,8.732412
11.338395,4.2694283
-0.47537655,8.005161
9.258363,-1.8746679
12.715482,5.182614
15.623451,8.75703
-2.5825398,2.7230258
14.696059,4.3560777
-2.65502,2.6047764
7.8900166,4.93384
13.4453335,11.84084
10.62299,6.2058396
-1.0008757,1.3924409
-1.7078241,10.215803
14.525173,6.3016257
10.885122,0.92835045
11.287156,9.151967
-1.141159,5.4501085
-3.3552308,4.347187
11.30639,-0.58441687
-4.018643,7.4885654
3.8299835,12.079374
10.478986,8.42833
15.803974,5.4062586
9.079064,6.6288347
15.051163,9.030272
14.829147,4.503717
-1.2215128,7.685695
-1.7271727,9.752408
0.90504766,10.798086
11.216374,9.167434
14.04232,11.103813
9.561633,-1.365326
7.1266193,6.951959
11.459566,3.6130438
12.015084,0.97640073
6.1613226,9.307894
-2.852243,2.390371
10.408518,9.128696
12.778607,4.966939
10.576705,8.57847
-3.4438846,3.7416248
0.70910585,11.179422
-2.832598,5.3092165
14.359649,7.265319
3.8226526,11.306953
-0.9171164,0.23113364
-1.7230576,12.458539
9.537095,2.0387435
5.681888,8.416522
12.5238695,0.73675114
12.106023,4.675461
10.871678,9.080692
9.438836,0.8136765
9.194697,-2.254927
15.683211,4.9657555
14.8539,10.19584
13.509727,6.0813823
14.826606,10.220353
12.598896,0.12031533
6.8411264,9.291574
13.392105,12.041941
15.159598,10.921998
-3.4359744,5.541513
9.904772,-1.4514831
10.56733,-1.9032177
13.546014,5.8069763
15.084671,8.592512
11.899009,7.6943855
-2.696778,7.332986
14.171532,10.919051
-0.86129284,0.1764055
5.208889,11.798937
-0.62238765,-0.50975424
2.0197659,10.27787
15.512447,6.018604
-0.5543377,1.9398632
-1.0421681,-1.6017774
10.932658,-1.1908774
8.808611,-2.4332309
-1.2949845,0.22528836
11.246586,1.3222786
6.8242264,8.621732
11.635286,11.365241
5.187339,9.401804
11.661204,13.218276
6.7117543,7.6229324
14.768313,10.27454
-0.5643707,11.393776
8.685728,-2.093491
-1.0654534,-1.9138498
15.405555,5.2285557
0.5999856,11.554647
-0.3918845,6.9108295
4.077257,8.4108
13.125054,4.4980226
10.577365,2.0635047
3.1166892,10.639104
10.088675,4.652435
-1.2512339,1.4150902
9.505545,8.002927
10.740229,0.75986403
7.7668524,5.0247283
-3.3760748,3.131696
12.446785,6.040232
-1.6507676,9.651145
-2.6082785,6.422482
14.78562,10.231869
3.5951617,10.175365
12.826964,2.2238076
12.914422,12.238084
9.821381,7.3431764
-2.6380787,3.010153
-0.6445091,-1.0463437
-0.05992346,8.640715
9.764487,2.1799526
8.752263,-2.4464762
9.252713,-1.7891575
0.6960345,9.64735
12.059615,13.358521
13.778837,3.816044
-3.2011726,5.3992305
-0.97595215,10.58183
-3.4152818,3.286933
10.61184,-1.9143618
12.127714,13.335953
4.74089,8.305517
-0.93066245,12.987538
6.3386273,8.024509
-0.6400822,10.9862
9.2117815,2.1898568
10.289318,9.915122
14.169069,4.6309667
9.756515,1.5669621
13.374207,2.8111377
-1.4454459,9.192675
2.5363002,10.73352
-1.8224826,12.518285
7.3169274,7.2232733
12.089637,1.9030553
15.632855,8.795293
6.444135,9.853422
9.518652,6.510014
4.6325417,11.46668
9.374878,-2.302984
15.702619,7.1181436
-2.413499,5.97538
11.336135,4.212879
-2.0207076,5.761757
0.50259334,11.106239
15.545499,8.147199
9.637024,-2.3907788
12.832137,12.208731
13.586565,11.701076
9.362058,-0.712482
6.898392,9.485288
12.407597,0.4703327
15.95482,5.2557044
11.883918,7.707361
13.394061,5.642542
-2.8565311,5.809671
-1.5206369,-1.4578935
8.9023905,4.795884
13.891481,4.9387417
8.858391,6.792812
14.6739435,7.5367575
-1.9899361,7.0786557
10.444973,10.014494
2.879036,10.643477
-2.8705678,7.361949
-3.07984,6.9585714
10.725362,-1.1430833
15.7860985,7.477101
14.913615,9.9568
12.556171,0.47772318
11.35575,0.876168
-1.6505066,0.27431342
4.791338,9.673145
6.1347666,9.062743
-1.6209595,0.27268127
12.706535,0.038436353
13.625429,11.7016735
-2.7771199,7.3466644
10.679066,1.9145643
4.875699,11.843423
15.174722,10.789176
1.63726,10.685486
6.551936,7.94715
12.093118,13.369655
14.36274,4.0304914
9.6528425,7.788931
8.951407,-1.6014892
8.795618,6.8305054
-1.167728,2.8177354
-0.93171436,-1.838755
-0.7286311,6.36863
-1.8931147,4.384936
11.614317,3.314579
8.692081,6.5385985
-1.1296641,7.7517424
13.115776,11.736763
11.735785,4.4102616
-2.9861047,5.264637
-1.1063353,9.931161
-3.3173094,4.160272
-2.6647165,3.936528
-0.4279533,6.8098474
3.1954195,10.66277
13.46055,11.960143
10.646032,10.1213045
0.19714259,9.470597
4.6521397,12.022611
4.6342735,11.487893
9.784832,2.2954617
-0.76101965,11.126051
10.451869,-0.9907565
11.6340475,0.881975
14.532009,7.1016655
6.123305,7.996221
-2.8667529,5.2213354
3.3912787,11.564605
13.438116,6.1055675
11.952023,1.7072784
13.671535,3.6804645
7.686552,4.9595366
15.735501,5.686172
-2.453399,0.40053138
9.365181,0.80753434
8.802388,6.655544
6.336362,8.656125
-0.9409298,11.257727
-2.726703,0.87523705
9.284762,2.1640828
5.906029,9.163093
14.656452,10.17229
9.946442,-1.4087589
-1.1610708,10.408654
11.982621,8.046873
-1.391846,3.4463685
8.279572,5.948896
-1.0241307,10.554042
0.60521495,11.279349
11.952368,12.44736
9.2904625,4.4994226
-1.1483111,10.407586
5.221184,9.495797
-1.7593222,-1.1239994
7.2377295,7.1627197
12.744843,5.260876
11.855741,7.7293844
1.688382,11.154988
9.881324,-1.4587029
15.518801,5.85178
14.738754,7.989841
-2.5586274,2.8197422
4.7259283,8.297859
12.10179,2.0061686
-1.1281618,7.6981483
10.300456,-0.69602597
15.324291,4.8085012
-1.3527143,3.3536308
9.875153,5.2797565
3.4920776,10.175047
10.012801,-1.3948532
15.729652,7.1933274
0.22930685,10.390997
6.6803803,7.3302517
13.159503,2.9699943
-2.7675593,3.6463332
3.3408518,11.555879
3.7402468,10.240063
-1.2635932,11.738303
15.557427,6.30519
4.635826,9.773052
-1.8049011,10.426727
15.430354,8.560852
11.241379,4.1454043
-1.558349,12.645366
8.730111,-2.7201107
1.5407513,9.909904
4.063865,8.406406
1.585329,9.934649
9.694313,5.991019
11.857292,7.8884525
11.864672,16.17014
5.5595293,8.438853
-0.76193285,6.1335998
3.0812082,11.14272
12.981244,11.937168
-0.78117865,0.06755581
8.638373,7.1843605
14.015802,11.119055
13.718363,9.715302
14.919466,8.8273
11.92531,11.33232
-2.7682228,1.0597421
2.1091979,10.452292
11.291319,1.5026459
10.340915,9.001172
15.786894,7.438882
-3.4045937,3.2386773
7.5322742,5.4293723
-3.346157,6.818496
-3.3409517,5.5000234
-2.8448417,2.401277
-1.4519578,10.030556
9.326779,0.698746
9.647655,2.116517
14.826332,10.222581
1.9709377,10.74661
-1.6094064,1.101999
12.158567,8.263065
-1.520605,9.282716
-1.5977343,4.7641025
-0.96406686,7.7626624
15.331407,5.501431
-1.5588346,5.5121727
8.637419,-2.5567737
-1.9852164,1.638057
12.696843,0.027620364
-1.7332312,10.369144
9.292659,-2.2201977
2.1028821,10.715596
15.470858,8.453021
13.859331,10.807338
1.3473946,11.007465
-1.3552767,6.947016
11.843684,7.470001
-0.1671984,11.214168
4.5917025,11.866692
0.044766277,9.093808
10.462669,9.974986
-3.4340825,3.8518653
9.367638,-0.7561228
10.458365,2.1778843
6.278625,9.148042
-2.3039293,7.0384254
-1.2273428,-2.069211
-2.4227915,3.5569258
0.024955083,9.32187
7.898223,7.136263
0.13593216,9.686992
10.28292,6.3984904
12.681758,12.666959
9.706026,7.301432
3.858654,10.970316
12.59004,3.97502
15.6256485,8.840769
-0.8000825,6.11147
-0.13981688,9.416048
13.649405,11.720921
9.740879,6.0992737
10.090827,-1.283024
12.083058,13.39153
15.020951,4.700058
9.5746,-2.4552598
7.580715,5.366822
-3.4084916,3.9343746
-2.894003,5.306262
11.585932,0.9024345
12.709297,2.5622385
11.542857,3.3913085
3.2595341,10.786557
10.869753,-0.20166603
15.528848,6.16697
15.473969,8.3282385
11.285244,12.90451
3.9581432,10.962634
13.998876,3.0006642
-0.9030033,2.029058
13.725197,10.12257
13.818043,10.348885
1.9855342,10.431359
7.175524,6.9344354
11.92736,2.753171
11.909869,13.331296
10.463746,10.050999
10.208004,9.567079
9.8186245,7.624726
-3.4265552,3.5611184
12.520361,0.25690672
-2.8504567,3.449188
15.522615,6.0272336
12.755211,11.183686
13.717651,11.591182
12.321749,12.513376
14.413548,10.54237
3.791817,11.420083
1.5680063,9.920483
11.369883,3.7818987
14.589349,8.542717
4.763078,8.538504
14.494686,10.012164
-3.73166,7.2140746
14.459198,10.5305
-1.4991199,5.5275445
12.016272,12.610798
13.383502,3.2990835
5.156818,8.460313
-1.2587593,11.769319
-1.1771203,12.903168
7.9223156,5.179547
8.955826,4.2441077
-2.8482018,5.4154706
13.13159,4.5817757
10.482857,10.067231
9.194052,2.1889133
-1.4253681,1.508473
9.319063,-0.5133133
15.262068,8.673479
0.22083941,10.2395735
13.851936,4.8469357
2.9746296,10.942915
-1.6413883,-1.2929676
11.289151,1.5292817
-3.326476,6.894923
-1.2511042,-1.6060141
14.747166,8.300207
-1.7156804,0.9882626
-0.5887027,-0.69368804
14.515674,4.1374254
10.058677,9.5485325
12.722091,4.3786416
8.570579,-1.9286954
14.478908,6.254751
9.679729,7.0062532
8.57008,-2.7572563
9.310746,2.1138494
-1.2884516,-1.661696
-1.9391953,1.000288
6.83635,7.281899
15.06788,6.0562124
10.473098,-0.7592252
13.977371,3.0367875
9.374676,0.13234116
9.2716255,7.4427886
-2.4259331,1.5450646
-0.46227157,9.478306
-1.7329454,0.13690856
-0.71152526,7.441923
9.803628,-1.5213284
12.356784,0.28196067
15.634171,8.787479
-3.3987584,3.9063287
-0.62001336,-0.446861
8.659298,7.16313
-1.8494571,12.563753
11.303767,11.614066
-2.899791,5.0274177
-1.6622403,9.753151
11.770773,7.378667
-1.2075001,9.793787
9.615953,7.9251986
-1.7037084,7.609633
-3.2162561,3.7718656
8.544849,6.3755
13.67289,3.6627512
0.12555456,9.835135
-2.613958,6.386917
14.361703,4.0473266
10.295117,0.6235921
13.67263,11.633378
-0.6174304,1.9321933
7.313596,6.8064556
-0.5908156,-0.59371215
15.059306,4.780587
13.284423,2.5031223
-0.41857618,6.908323
-0.83205044,0.14623843
11.201392,12.949881
-1.6531346,9.993304
11.2574,12.76072
10.28377,9.833772
-1.0723978,-1.5568796
5.906762,9.241633
9.220867,7.424932
-0.36158946,7.0404005
14.783088,8.184191
13.818058,2.843639
-1.7244092,5.587724
11.332465,9.264107
9.216658,-2.334397
6.338741,8.725123
12.716859,4.475772
3.8493838,10.978496
7.8654656,5.0804276
9.157982,-2.3009238
4.832976,9.384373
-2.4252918,0.28787547
12.147311,2.0501702
-2.6804686,7.117658
-0.8778254,11.201031
14.902121,4.583641
12.884273,12.067033
9.648142,2.0983229
-1.7866848,7.6832223
9.863948,5.4535866
-2.6361408,1.6198188
-0.5841005,1.9144267
0.5838599,11.294252
8.497171,4.9695044
-2.6094275,0.5949858
11.493278,1.6191063
10.272446,2.1093216
10.197526,-2.40035
6.2356567,8.0237255
0.788711,9.561032
9.750893,7.3607445
3.9175746,12.12311
11.615819,11.113654
15.189211,8.673901
-2.9293258,5.168876
-2.912369,7.113761
13.865023,11.422062
12.725111,0.03373335
-2.7343912,3.2883549
-2.829684,2.6314325
11.739572,11.504724
6.4770365,9.926716
15.588231,6.4113374
10.4943905,0.68834686
-1.3977236,12.751644
10.180269,2.0954196
5.606376,8.4913435
3.1107135,10.326645
13.503046,11.796223
15.517651,5.224498
11.290108,10.928178
11.557417,13.210973
12.452098,1.5991342
15.586423,8.798771
1.6252021,10.982356
-1.3142493,10.934217
13.602135,11.669547
-1.1113865,10.4079
6.559749,8.93785
12.738978,0.06950622
-3.9746695,7.3799167
-0.9132546,12.972963
11.813235,1.5579673
10.921252,-0.340614
7.9144015,7.171845
13.919163,10.985096
0.87451226,9.925275
15.499019,4.915716
-1.1396576,5.7171345
-2.7451878,7.3603964
-2.9033294,2.7917817
4.29053,11.920365
15.05492,8.379704
-0.16175269,10.750017
-1.0052898,10.540009
10.611514,10.107212
14.934716,9.982896
-1.0076351,2.2237773
-1.1150137,5.598167
13.383339,6.0956383
8.563408,7.1948695
-3.417406,4.879786
-2.6622534,3.907985
-1.6466956,0.9379157
3.0013885,11.038105
9.4155,8.13799
8.234189,5.0952015
12.567326,12.799473
12.428408,12.548733
9.436271,2.1921346
15.682269,6.944254
-0.78468573,6.156516
-3.4461815,5.3375206
13.011131,11.696447
-1.6953261,0.17443992
-2.6956053,3.9502025
-3.3938303,5.473396
-2.6005635,0.61749965
-1.2339311,3.0798833
6.160278,9.226823
13.297767,3.1607618
-1.9470631,7.6619654
10.9825735,0.9111943
-1.5078015,9.699731
-1.1345321,-1.4739825
9.618184,5.8118224
4.6037574,12.06979
11.9769,2.8673577
-0.5578416,1.954152
10.642154,-1.8699216
10.329635,9.315344
-1.1089702,5.5830545
-2.308722,4.994699
-0.16337475,9.427983
13.995159,10.838596
-1.3994592,1.64192
0.2788722,10.287556
3.7120192,11.475856
-1.6799648,0.83758914
-0.7645926,1.9020683
13.763845,3.2809582
10.595261,8.620199
0.581128,9.556838
15.570798,6.0984693
11.563938,12.904499
14.757177,4.3420696
-3.2962081,3.1485064
5.059837,9.492048
-2.8284419,5.324678
-0.5970178,-0.8792853
12.687714,12.725914
-2.267724,1.5535136
4.5001774,8.527776
3.7244134,10.96464
13.694737,9.875284
10.452051,-2.1477988
11.27098,-0.65533537
11.863567,16.17778
9.269097,4.4179077
11.208304,1.253801
-1.0282567,0.22171219
15.541943,6.208874
6.389427,8.760101
-2.4471064,3.693243
14.541502,10.451159
4.281996,12.264051
14.076934,10.946953
13.957392,11.235373
-1.3470643,4.93464
-2.192938,1.746365
14.755712,4.3665533
12.779559,0.47150654
-1.973912,7.151944
10.244963,4.737158
1.9414738,10.490466
-1.2367312,11.690868
12.489723,0.7011578
-0.28147042,10.780302
9.636807,7.7791553
11.383172,0.8909455
-0.6451655,-0.26258922
-2.495409,1.4139767
11.452993,11.027475
1.2210206,10.923992
-3.7415485,7.231091
15.698344,6.981919
-0.73729837,6.2930603
2.0477164,10.3623
15.564888,8.729739
12.175855,1.1367747
-1.2442081,-2.1224518
6.4906645,7.8392053
4.0352383,11.709041
12.69423,0.023945762
12.752518,4.394178
-2.863449,5.180036
8.586941,-1.9326729
11.377689,1.0070406
-2.7053492,0.80379957
12.954917,0.56764245
12.572621,4.0945387
15.562185,4.6002293
-1.8871857,4.386904
15.462097,5.884661
-1.3013994,12.70528
10.619868,8.6202
12.069876,1.0217217
14.52912,7.2907495
4.202101,12.236127
0.2594998,9.578287
8.501499,-2.7930863
3.7500749,11.365499
15.218605,4.964821
-0.44588003,9.431443
3.5310168,10.324568
8.142646,5.0563345
-1.3712614,10.251173
-1.1368415,7.648707
-1.5451598,0.99301106
7.1701255,7.3442116
7.836331,5.0563116
4.5068207,11.597133
12.039435,0.5947138
-2.7868662,3.4053836
7.321071,6.7997317
10.5232725,0.7033873
1.9539716,10.227054
3.2211485,10.84472
14.665276,4.599992
-1.466674,-1.5258297
13.750895,11.431514
-1.1314434,10.436513
13.9613495,2.9696424
13.179111,3.0047925
15.577997,4.56392
9.602704,8.286097
15.552296,5.757261
10.859466,0.9781149
13.935092,2.9536028
11.418147,8.942866
3.411614,11.570527
13.987024,11.147015
9.784904,2.25853
4.6133337,11.462382
14.475723,8.511735
0.4908222,9.6435
10.855027,0.017344648
-1.1742532,5.6671014
9.293076,2.2137995
-1.2911865,11.812684
15.38261,4.77641
10.029333,9.578805
-1.5677598,3.6730063
-1.3442717,3.3419082
14.055922,6.343402
11.314181,12.822347
12.815634,11.156362
14.965733,9.9168
14.479642,6.2934337
13.715746,6.0935793
-1.2006569,-2.1175244
6.6929502,7.6219916
-1.1570003,-1.5630912
5.36285,11.81679
11.317566,9.266955
14.944638,9.949633
9.367876,-0.43569115
-2.0944355,6.996043
13.166846,2.4545703
8.601612,-2.6122859
12.616888,12.82459
11.8691635,11.291889
-0.9779453,-1.608022
6.627024,8.907854
-2.4041615,7.143882
8.66153,7.1859074
15.499946,8.270348
-3.436894,3.310079
10.525485,-1.0193923
11.459204,4.0514174
4.2910933,9.540702
7.6691394,7.276888
3.5784824,11.616862
-1.3213792,7.017603
13.593344,11.697295
9.304498,-0.58007085
10.094985,9.522551
11.27141,1.4725019
-1.8143075,1.0290353
-2.3744862,0.19784312
0.20879604,10.288673
-2.313775,6.1656485
12.645028,1.8293048
2.989956,10.647517
7.382386,5.850913
11.229362,-0.77943945
-2.7994993,5.4734354
6.569707,9.932369
12.709469,5.0314813
9.16732,-2.3284924
-1.5503082,7.51322
13.115128,5.639809
4.027202,9.94959
0.43699476,11.499765
12.651601,11.719237
-1.733791,7.7259307
10.539969,10.058937
9.403505,8.130858
-0.99232274,2.4315708
11.94067,0.812372
13.312405,2.8874478
14.074623,10.92822
12.185721,1.9220245
12.651649,12.742076
13.244876,2.8325226
9.578616,6.411196
14.437657,8.421397
15.360998,8.087062
-1.6387912,12.261109
13.113642,4.6476774
15.715083,7.1951604
10.261439,-2.3653593
-1.1524366,7.66407
8.736634,-2.7399728
-1.2665789,1.9401127
9.005026,4.1517997
12.471384,5.995205
9.311034,4.459038
12.633942,12.796089
3.819509,8.672877
4.1497445,9.620656
-2.8418272,2.2583704
-3.9692087,7.426957
15.826663,5.1087513
15.159434,10.919637
7.835667,4.9920573
-1.5767629,9.450534
3.048444,10.489746
-3.0104265,7.1589413
15.92114,5.12276
15.573843,4.5828037
8.691496,-2.4318793
15.938955,5.224378
9.7189045,-2.4332705
8.998854,4.5906596
-1.7440577,10.4048605
12.681459,0.35661423
14.731122,4.3270535
-1.049854,10.970476
3.2238696,10.6012745
11.071533,0.65296084
13.335699,12.039849
4.9652324,8.476975
8.992667,4.0724454
1.7608219,10.117896
-1.6528662,10.477596
10.370003,10.007588
-0.38085273,6.9329877
15.185496,8.906453
-1.6953714,7.6724358
15.514652,5.9017105
-0.37346917,7.0012255
-2.7786477,5.462174
-2.964689,7.320966
-0.41722375,9.490811
10.673788,10.088405
0.8977046,11.480901
13.614704,11.820045
15.594565,4.6347613
10.01242,9.587967
-3.396343,5.5511904
5.0392127,9.175477
7.7164736,5.0596504
0.029508635,8.863436
-2.6737804,3.6453676
10.256771,-1.2008423
5.878629,8.316732
13.377893,11.726854
12.760834,12.203963
11.603151,0.8505724
8.54624,6.3902836
9.4871025,1.8955323
15.520817,6.1886835
-0.8023781,6.0392604
-0.84938514,1.7495661
14.722714,4.3265076
1.9440473,10.769439
12.592979,4.066785
11.207645,12.82571
-2.8721647,3.451726
-0.80703175,2.0489273
-2.8036225,3.6053178
-1.4691027,1.2124107
9.048781,4.469754
11.859545,7.4768376
-2.132211,1.6565499
6.5139666,9.898793
-2.3221128,1.5508516
4.858478,11.745163
0.2012839,9.55532
6.70447,9.775493
15.199139,8.7564335
0.2004771,10.281636
9.220061,2.1565635
13.672023,10.981648
-2.9665864,2.7279496
9.661185,7.386916
7.8528967,5.0033026
10.269672,9.933799
-2.5085423,3.569423
12.020875,11.275244
8.934407,-2.366001
4.486645,12.286685
9.001391,-1.5852019
8.540804,-2.704135
4.150436,9.941009
0.13234209,11.335445
11.224053,12.648403
-1.2657355,-2.1352658
6.679413,9.885385
10.111565,9.565023
15.740682,7.096885
12.116966,4.5399795
-1.044351,2.6946776
7.41469,5.7274957
11.652433,3.4121265
15.101501,6.127052
13.018771,2.9268425
15.940219,5.0869107
14.357363,7.1967983
12.682159,5.4156723
-3.170286,2.8693979
9.024458,4.261865
-1.6645664,1.1762441
5.9782796,9.271152
12.708951,12.483116
11.005338,9.0564375
4.595336,8.551077
-1.6651809,5.5660696
9.271316,4.723735
11.207296,13.014893
-1.155729,7.626043
3.4379194,11.606593
11.533487,0.71404904
11.481618,7.1255217
-0.588006,-0.6288271
13.372886,11.878216
13.840238,6.285387
-1.8853658,6.863564
12.734901,-0.008624605
14.567389,6.349788
10.573422,-0.8808904
12.669445,5.478626
-1.5816175,9.11226
10.794424,-0.043096825
11.863693,16.176683
3.0798466,10.717774
-1.3692225,1.6757495
13.61486,2.7292442
10.56562,-2.0281029
9.176717,5.0526094
7.6737165,5.252082
-0.8865591,0.20070112
11.432677,1.0258865
14.53078,4.6248064
10.701659,10.007116
-0.7378766,6.3998647
10.478875,0.6928311
-2.7058997,6.0190196
-1.832899,12.527455
11.826975,11.792721
-2.99779,4.4358087
11.176696,9.06294
-0.4517936,9.502637
-2.8173032,6.2480206
7.949429,5.11935
10.109898,-2.3872108
8.281523,6.120926
2.5934193,10.617444
14.994111,4.656355
0.22859924,8.950201
14.677431,7.689766
-1.2605003,11.801604
11.186104,13.013396
3.8338342,11.615097
-0.9867822,6.630806
9.868164,5.3295603
10.631008,8.658621
-0.8868681,1.6341059
9.892758,7.656045
-0.66664654,-0.22514598
-1.0155551,-1.931832
12.454868,1.4099754
15.955032,5.1913114
10.423387,9.055494
-1.0774337,1.6506656
-2.7345355,1.307045
-1.1015444,12.951224
7.448679,5.6247277
12.480468,0.21661572
14.60151,7.392444
11.904041,0.58564055
6.498689,10.058635
-2.2915022,1.50251
6.96299,9.373423
10.109511,-1.344316
-2.990564,7.3515477
-3.6908708,7.175207
12.581288,0.683365
6.622544,9.893655
4.323102,12.2485
12.775482,1.9483591
14.531863,7.2556624
15.575143,5.8098598
0.43534636,11.440418
-1.4246643,4.8887787
5.069199,9.467862
11.804729,7.515991
-1.2820386,7.0594783
4.579982,11.446645
9.862251,2.1440685
-1.6728942,0.18344726
7.73997,7.244242
11.495408,4.2912884
14.69308,7.4398317
10.568509,-0.94851637
-2.8175359,2.143917
-0.03969881,8.635486
14.858137,4.5172715
-1.6586647,12.352962
14.423108,10.59592
-1.5881038,9.902257
7.6887255,5.141908
-2.6728501,7.0848613
3.4151182,11.586118
12.835254,11.195367
14.655952,8.505842
0.9802524,10.911247
12.745483,12.501423
10.597524,8.658498
12.51623,1.5807025
11.898988,2.287265
8.944166,-1.6264641
-3.0124714,7.234543
13.420092,3.3114772
15.742099,7.468982
4.0169463,12.18001
8.944354,4.2369275
-2.9250798,2.700692
15.656817,8.786339
9.77049,6.738818
9.048156,4.226565
-3.259777,6.8994064
0.63388056,9.473558
9.470716,-1.5450677
-0.3519915,6.9835916
8.481493,4.9783835
-3.3139124,6.78361
12.385166,1.4440196
-1.2414644,-2.1156275
-3.1320598,6.9450827
7.591434,5.335603
9.511627,7.703101
13.798008,2.8056529
12.283119,2.7391524
11.958748,12.489512
11.28983,11.380726
14.000573,3.071117
10.114636,-1.3302718
14.013113,10.836706
13.846838,3.8710928
9.68688,7.260615
9.929884,7.7100954
3.2646685,10.711301
-0.75477767,11.152892
-1.3937728,-1.5293205
9.336722,0.71061397
13.401801,6.0914063
1.5513374,10.8301115
4.0458903,8.459364
-1.1585311,12.892438
-2.3008475,5.117541
11.111906,9.210613
-1.5742348,1.3186529
6.60203,9.105496
11.860575,4.4103584
-2.0442207,-0.13660812
-0.9897333,7.1949887
14.547373,10.56677
9.820788,8.488773
5.280496,11.8066225
4.975423,9.358401
4.508772,9.834309
7.7765784,4.985074
0.2355975,10.281575
3.847747,11.088461
-0.9258536,0.32194886
-1.5518965,12.256856
14.546847,6.3028264
-2.688629,6.169672
3.5167744,10.150514
11.300383,11.554439
10.575033,-0.96057385
9.778882,7.6275005
14.347171,7.152751
-1.7595528,12.468478
11.947646,12.630599
-2.3553014,7.0859914
11.226626,1.0111125
6.3290005,8.549766
11.914498,2.760857
10.288437,2.1986313
10.5407505,4.5213027
-1.6266447,0.4617347
9.227209,-2.193417
15.712441,7.7292304
4.229395,9.569514
-1.2194012,7.6499925
4.120343,8.380489
13.420303,6.1098027
12.6302805,5.6998744
10.910855,0.11845165
-0.93232507,2.2950606
13.338422,3.2164114
8.573998,-1.9369556
-1.1897193,10.457429
-3.1387582,3.0270758
5.6592965,8.459443
-2.8097913,2.4334555
2.7520988,10.507347
14.389269,7.0710597
11.438106,10.759437
-2.7665608,4.049451
9.703645,2.143335
15.583438,8.034591
12.394368,1.0229374
-0.7627,6.131625
13.311041,2.680811
12.30303,1.7112982
-1.0865507,7.230871
15.429679,5.8478417
10.2315035,-2.3988492
-1.957717,7.0622435
-2.08564,1.6360861
15.741282,5.7296247
-1.1349849,5.4013066
3.6033924,10.997645
-2.6538837,1.5563493
-2.6413248,1.6151599
-2.056898,1.6245025
10.532279,-1.007505
4.1896524,8.355061
-2.2248042,7.0431495
-1.8178997,4.510794
11.932123,12.398073
14.320325,4.02017
7.73964,5.0832686
10.855298,-0.078723595
14.05134,11.040449
13.116257,4.5523505
-0.0853697,8.566222
9.22465,-2.7322826
14.704203,7.770231
14.793242,10.247151
4.4084544,12.298471
3.908801,10.046731
8.168775,5.040054
13.814903,2.8596144
13.403457,12.015166
12.515257,5.8998904
-1.3278955,10.758017
11.203329,-0.7276429
-0.58057415,11.031249
13.743554,10.882448
-2.0646513,4.228534
-0.5604899,1.9357822
15.580784,4.595924
6.303104,9.5263605
-2.8379953,4.0772552
-3.6870093,7.193193
-0.24180454,11.236717
10.651899,8.694199
15.5734,8.674248
0.2260011,10.213975
10.9267025,-1.1783727
-2.8679483,4.9900994
15.191963,4.945714
13.824686,11.585071
-2.2960222,1.5494621
-0.17652944,10.75686
0.89550656,9.68051
11.7284,11.261134
11.726817,7.2435765
12.513195,0.26041266
-0.18495117,11.186089
-2.676742,3.4324262
9.527862,-2.416507
7.4729753,7.260572
7.3041525,7.0922227
4.4989796,11.590939
10.241943,0.5844692
6.052784,8.993223
4.2307935,9.475453
12.449047,0.3686794
5.64606,8.509594
8.698517,-2.4583843
12.747648,12.212923
-1.5250334,12.274754
11.593605,0.95539844
11.534121,12.926969
0.30130428,11.34316
10.565599,-1.0348086
7.626325,5.2681565
11.977479,2.5926213
10.504053,-0.95924485
-0.8488115,11.124079
-0.165314,8.469726
12.707872,5.491906
4.1422324,9.574777
6.492953,9.863844
13.710422,11.575963
8.97956,-1.5648758
-1.1801952,11.095808
11.703469,1.5387815
6.344051,9.051963
-2.0508761,6.9947853
15.601994,4.8019905
12.63074,1.7988696
-2.5958498,2.7377486
6.2908435,8.102571
-0.3136782,11.203854
-2.1133552,6.923662
-1.3551763,10.319916
11.242455,1.3004369
9.605615,6.2924566
14.932244,8.874879
-2.2695658,3.957371
-0.9870111,12.98585
11.89064,7.5542574
-2.6405046,3.8863218
-2.7816412,3.4095047
5.615514,8.473462
15.744188,7.5238976
-1.190696,5.237268
6.4228377,9.225104
5.1665845,9.556586
8.914724,4.4784923
15.217608,5.003847
15.374418,8.478788
-0.788157,11.24867
-1.9049306,-0.022336502
-1.3067759,7.024895
12.534913,0.1860704
11.26354,1.3522283
14.88773,10.066827
2.9587517,11.092404
1.3345382,10.945867
11.950079,12.560678
6.6289787,7.606308
11.268664,-0.65877837
-2.1271725,-0.1215883
14.970929,10.002086
10.094521,-1.3557962
-3.4657102,5.5266776
-3.0631084,5.556236
-1.5461848,9.236507
-2.0898201,-0.28898412
-2.6223583,1.5095344
9.976102,1.7661374
11.483283,12.910661
12.071162,0.5406308
-0.58534837,-0.86186206
-1.3911383,5.58167
-1.0647156,-1.5802977
11.56839,13.166846
9.417575,2.0935428
10.516379,10.05375
12.6752825,2.5502853
-1.4149675,4.800191
9.050568,4.399121
9.811567,7.4660435
0.63952583,11.154448
15.302525,5.303026
13.825368,2.8671737
-2.5929387,7.037736
13.673529,2.7675273
-1.8745996,-0.931588
-0.7854262,6.438757
9.032795,4.077168
11.5906105,13.175731
8.615066,-1.9712609
-2.126599,6.984691
15.511863,4.6584053
-1.6080703,12.285914
5.696431,8.414457
11.11262,0.9285227
14.626003,7.4562697
9.901389,5.077108
-1.8823018,-0.91007304
-2.7593606,6.0666976
-2.7597435,3.6763763
9.352548,0.73940665
-2.0694208,6.7749634
9.333366,-2.242334
8.670634,-2.496079
11.117622,4.2216477
-2.6991673,6.02161
13.259345,3.0688329
6.217869,7.8363137
9.3165245,-0.6297529
-1.3325044,12.795565
10.445976,4.582134
9.837264,7.394163
-1.1065261,7.3850584
9.49974,2.1567996
4.9049535,8.223607
9.46236,7.4566474
15.861873,5.388722
13.492284,5.766818
11.43247,1.6453598
13.014667,0.61789274
-0.9659917,-1.5531796
13.765391,2.8263211
-2.805817,7.4679646
13.193927,12.105729
12.898624,4.672023
-1.2820433,-1.8666447
11.173055,0.83325285
11.067692,-1.032063
15.795556,5.382247
9.625252,5.728067
9.885169,9.289253
-2.7501543,6.090316
9.34531,0.71943974
0.19336094,10.541843
11.825211,2.508303
10.2676,-2.3668277
9.318051,-0.62795675
12.0100765,4.449768
0.39607742,11.408344
-2.3179915,4.9718385
11.585837,13.184046
-3.3873477,3.1748493
11.857038,2.8782737
11.49508,0.9696267
6.657743,7.638323
5.1492033,9.507093
13.90655,10.376855
0.28578478,9.395578
10.3535385,-2.2358124
0.19077285,10.479919
0.65860045,9.5136385
-2.2021081,1.7696682
-1.751216,12.492595
-0.046054643,8.679654
-0.76404697,-1.7159516
2.1264277,10.352815
-0.3571066,10.860633
-1.0277455,6.4832525
-1.8252608,7.269553
1.4223998,10.796691
7.8368216,5.077804
12.716399,4.5132117
9.599403,-2.4617562
-3.8870518,7.317861
6.114687,9.265208
4.1288037,11.81067
14.930628,8.908662
9.488582,8.105336
11.510308,3.493488
13.020417,0.6294223
15.196734,4.921801
8.3723955,7.168783
12.639027,2.5231733
11.631801,1.160249
-2.410404,3.5747545
-0.239069,10.806749
14.76282,4.411156
11.013189,9.031224
10.113043,0.5470858
11.406379,4.2997923
5.2084465,9.549316
7.007526,7.0554495
9.73742,5.5923743
11.281052,-0.616912
-0.5778175,-0.6964022
-2.9021323,2.2776546
-1.1357254,12.919242
-0.99571264,7.043301
0.57903016,11.334252
11.188305,1.0350988
8.161204,5.0603476
13.981958,10.855821
7.3720064,6.809228
13.743398,2.8317401
9.491967,-1.0101908
4.8348165,8.513006
-2.5733678,0.54296464
6.188605,9.242768
15.2443285,8.713202
6.3072963,9.225166
-2.5904965,2.7141526
13.071698,4.5618668
12.169703,13.272359
-3.0342433,7.0472536
15.191628,10.884542
-3.4115274,6.8661027
-2.834257,3.7447958
8.273946,5.9445386
9.572022,7.217679
-1.2516927,10.256602
0.90078634,9.724677
7.7449574,7.233835
11.22009,-0.67724746
-1.0456113,2.5898936
4.2341394,11.152635
13.858544,10.561706
4.247894,11.160028
14.002658,6.3613358
12.772449,12.1662655
6.096503,8.943058
-3.4215837,3.2780292
11.912634,2.8406584
-2.0731006,6.886007
9.053612,-1.6960936
3.3563738,10.826839
4.5387826,8.725843
6.449052,9.820556
-1.2416059,-2.1007822
3.1561005,10.611737
5.939007,8.156284
10.0803385,9.59781
9.699361,1.6086935
-0.7329375,6.365133
-0.56615883,8.022605
8.669773,4.270144
15.748296,7.3888655
13.495655,3.4581141
6.86332,8.647321
4.5197153,9.873414
11.697178,13.079775
11.866992,7.499846
7.7382135,7.159667
12.63538,5.5035577
-3.3818097,5.490889
4.777977,12.260017
-2.8336363,5.2325854
-2.4661515,3.430997
13.42824,2.7522483
11.863979,16.16621
4.099287,9.613008
1.7937218,10.186359
-1.734047,7.7088876
15.562317,5.740696
12.626198,0.75070345
-1.3835266,12.495241
12.152638,4.5469007
11.204437,12.944995
-2.697371,7.3412776
-0.21633343,10.82499
5.9089675,9.172181
-4.0138893,7.453593
9.697546,2.196742
12.74153,12.359041
7.6941423,5.2035985
11.570808,13.035054
15.307452,8.190151
13.778812,9.6004505
4.5780416,8.562453
13.15002,4.6049995
-1.9261408,4.363323
-1.3313986,5.496036
-0.73312354,2.0367153
9.160762,2.2084248
15.153093,10.838436
-1.0599792,10.345743
13.917756,6.3192687
4.0837784,8.406337
12.6543045,12.724217
14.755903,8.028605
14.18232,4.6830177
-1.2719023,6.9900584
9.233556,4.6990027
13.449052,11.973282
-2.7236137,3.603263
12.15732,13.325803
13.008565,0.6592128
-0.8662639,0.18668129
9.529095,7.1434054
9.311079,-1.8782464
11.178,4.031669
-1.6070278,12.24528
15.576036,5.2750044
3.133937,11.326876
15.722283,7.0852423
-2.832299,5.1619525
8.969673,4.7296844
8.166666,5.054489
-2.60129,6.383621
-1.1699754,7.120501
-1.162393,12.9151535
12.941778,11.755541
9.046634,-1.7023263
4.3780828,8.48106
-1.2771362,3.2040133
-1.7587554,7.6473155
4.390215,12.3101
14.607822,7.3730545
9.625835,-2.4624627
-0.6075829,-0.6155147
12.5992565,12.817907
10.272236,-2.3329473
9.316856,-1.6831068
10.205362,9.727726
10.839189,-1.3621445
8.698543,-2.4539616
11.531349,3.4319787
3.0504472,10.83147
6.7735043,7.592647
13.4417095,2.635447
-1.7174673,7.3780875
4.2143497,9.613787
13.437926,11.904251
6.59122,9.915077
-1.2141935,-2.141073
11.948049,0.9189601
-2.6164138,6.382954
13.691335,2.7362254
-1.0107237,2.6727822
10.366914,9.258929
-0.9373588,7.339516
3.8826911,9.95408
14.111783,6.3289704
8.924286,4.655046
-1.0125525,1.4530194
2.0198786,10.258115
14.591308,8.487784
1.3556216,10.477223
15.760444,7.4410295
9.104294,4.702756
14.369892,10.650821
15.616239,5.8646336
13.465701,11.986039
15.125771,8.549832
13.288581,2.55172
-1.1987641,3.0346057
11.665599,1.3366568
14.649561,10.349272
0.30436605,10.323063
10.41669,0.6776183
14.611216,4.2178063
8.764556,4.2371726
9.320515,-0.5030976
8.988289,4.836303
6.036092,9.231214
15.932198,5.2521663
4.859434,12.22188
6.724549,9.153024
15.714069,5.445714
15.713335,7.5021987
-2.7821388,5.1021857
-3.3585284,3.593013
13.498489,6.1137547
4.796142,8.282135
15.457198,8.372464
0.7388421,9.710536
12.839939,11.777111
8.823997,6.7965455
-1.3379592,1.8044595
10.42976,0.6815564
9.647391,5.8924537
-1.3383732,4.93423
13.579209,6.117349
-1.0283986,2.169628
4.6015778,11.574911
6.0633397,8.983746
-2.8406126,1.7311491
1.3376019,10.99042
-1.0973469,2.6629868
5.8055034,8.276174
0.53595376,11.5709095
4.1523504,9.920248
1.5826718,10.114379
8.621567,7.2137485
9.305266,7.497865
10.818355,-0.6448819
12.685465,12.336142
13.107805,5.630399
-1.8537697,-0.9607266
9.293957,-2.38995
-3.4130373,5.502808
-2.536997,0.50118184
-3.0239596,7.335635
-1.1836265,9.890534
-3.3853815,5.438242
-1.3686532,7.623653
-1.1173168,10.498606
12.612699,5.642967
10.670481,10.090659
-3.1161556,7.363492
11.728724,0.91784364
9.462265,0.686005
-1.4977279,5.0626364
12.298945,2.2180858
9.409823,-0.037256315
-3.4229562,3.826317
-2.1158767,1.6682657
6.4396434,7.5822077
9.485809,-1.2648045
11.14771,13.0584755
-2.0556805,4.0581603
10.723496,9.035293
9.125203,-2.6812363
-2.2726808,3.7061558
-1.1766831,-2.0108314
10.243485,9.923561
8.084602,7.138556
15.58526,5.560721
11.678809,1.2318453
-3.0143607,7.1886864
-1.1895027,5.7137494
2.192303,10.674002
4.0270753,9.919682
8.551905,6.3884664
13.52548,6.1335034
-0.9078963,2.2487352
2.9070642,10.630689
4.6750107,11.687212
11.479559,1.6407791
11.833138,7.646041
-0.9858034,2.467099
13.419397,2.8467774
-1.7446971,1.3037914
12.37184,0.43327278
10.141065,2.1242864
3.771547,8.732329
4.587798,11.473024
6.4518065,7.6316524
9.944012,-1.4197446
10.6298895,8.627202
11.687997,13.028382
12.664706,2.4900212
3.2205877,10.732018
-0.6704283,10.856505
-1.0973644,2.401095
6.2467756,9.074147
0.07976348,10.895535
13.9152975,4.8504367
15.832436,5.56051
9.4799385,-1.4928191
14.424468,7.20231
10.417978,-1.0767721
-0.7504245,6.152977
4.4162517,12.185782
-2.6315372,0.74082935
8.958387,7.287257
15.178569,10.898916
6.414128,8.922963
11.140649,1.1019473
2.7407334,10.554367
7.71845,5.047922
8.932796,4.541923
-2.8227234,1.8693135
11.476563,1.6305699
-2.8588371,1.9256433
-0.20052293,10.8037405
-1.4209225,1.633638
12.1006,4.5049376
11.410609,4.271469
8.646391,-2.5250516
9.405434,0.69803566
11.4259,4.297715
1.5842146,9.938589
-0.66812307,1.8687842
11.703389,3.806317
3.5321398,10.243334
13.339704,2.6269834
6.5158763,7.82399
-1.2413064,-2.1028855
12.470101,2.7788787
7.1870584,7.0995955
9.409836,8.126071
12.799404,4.3812327
11.722587,0.88377994
-3.6962922,7.195497
4.497239,11.222713
11.054136,-0.6718019
12.256598,13.224527
12.840412,5.3461113
10.949161,0.81585103
-1.2054236,2.9737828
0.98809296,9.746199
15.416275,8.304236
11.432409,4.3063974
10.169959,6.5765724
-1.9993035,4.307815
-3.244953,4.1658473
5.8826466,9.145852
8.650909,7.1558375
7.4527493,6.9087653
-0.3791511,11.13835
-2.0240867,-0.5212949
-2.0527945,1.4744233
5.2759213,11.806184
4.069842,9.870778
15.150722,10.941458
8.282049,6.0467334
0.10800768,11.449912
-1.1735113,10.447865
7.3060083,7.3123236
12.184802,2.7108674
3.1254199,10.666691
12.7485695,4.417248
10.721555,9.0809145
6.3447065,7.977838
9.650485,7.0662456
-1.3752158,4.8984027
8.693906,6.538866
-0.6421248,1.911449
14.705531,4.2902484
9.865484,7.5551615
12.426311,0.26201096
14.170821,4.6811414
-1.590092,12.223893
-2.3896432,3.6364062
11.8698225,2.54436
-0.98491955,7.813065
10.230017,9.667749
-2.2352855,4.9052525
11.353821,11.047231
-2.4636848,1.4283425
1.0967739,9.841326
8.599075,4.2387214
-0.95209086,5.884927
6.6106133,9.96554
10.051462,-1.3422877
4.032821,11.410222
9.013484,-1.5137774
10.5223465,-1.0139362
-2.8777423,2.584514
-0.3156539,11.209836
-1.8004591,12.509761
0.5805874,9.37045
14.8806505,6.06484
9.766578,2.24547
9.333318,0.724987
1.3734074,9.853668
11.301317,11.111467
-1.2306511,5.619878
9.35539,2.2207327
7.9040513,5.121816
-2.1105788,-0.21304399
13.674055,9.7653
4.6775684,9.755477
1.4616832,10.549969
15.654597,5.239137
-1.7374253,10.2881565
4.5789905,12.027922
9.9647665,4.916186
9.89727,7.2795377
6.463114,9.056757
9.34771,7.4591017
9.764569,2.5550458
14.229495,10.860507
5.188165,9.544483
7.1966534,6.575479
2.1263025,10.307955
-2.7415578,5.556735
11.281509,12.19159
-1.8681703,-0.9329324
5.250363,11.793301
8.904672,4.708321
15.486582,5.9333496
9.887653,5.3295536
9.345549,2.061568
-1.313582,1.7486498
-1.157503,12.906748
-3.3979049,3.2302682
13.678022,11.628028
11.804176,1.473545
8.241064,5.1268716
-2.2646308,4.929509
0.22365925,10.02536
7.6917806,7.261797
6.694317,7.600619
-1.1480324,5.6845446
6.660421,7.6475554
11.863583,16.177668
12.179933,2.7988236
13.694915,9.99165
-1.9874616,4.295166
1.9551243,10.760839
8.244453,5.445444
13.973576,10.821334
4.5673523,11.36302
11.434074,4.3173447
3.5394928,10.9516115
9.2640915,-1.8151981
2.0128338,10.260219
3.0417728,11.163391
12.699575,2.5218453
9.3432455,0.53100353
-2.53187,0.46296465
-2.5282454,5.741778
10.701837,0.7660717
-2.5917041,3.8479328
7.9050283,4.9180045
6.0458775,8.021628
-2.4735656,4.1191187
-1.2221118,5.6492286
-0.050933186,9.403527
4.264202,12.231874
-3.9799354,7.3997664
-2.5207267,0.8640993
15.114279,10.966223
4.624481,11.491656
9.299394,2.165026
12.492792,0.20247222
14.5012665,10.493535
10.368534,9.989374
3.920536,8.5535345
-0.88540846,0.20915098
-1.351381,12.792974
-0.037827093,11.451972
13.568323,11.851368
6.497472,9.905744
-0.8526558,7.069122
11.747541,0.68658525
10.822995,1.046213
11.518734,1.5728942
-3.9872994,7.4395766
4.8119755,11.955462
6.756714,9.227186
10.98697,0.8023124
8.5097685,-2.763776
-2.622516,1.4750832
8.893487,4.4384146
5.261994,11.805037
13.614536,2.745043
-3.9544766,7.42769
9.133103,-2.729946
12.320097,2.5760539
-0.5866442,-0.66874814
-3.3809752,3.4545956
-2.2662735,4.965066
3.9268057,9.797342
-1.5394589,7.5182896
-3.1761012,7.024892
12.89947,2.8220427
-0.78193617,-1.7470036
13.0474415,11.135877
11.865861,4.3959665
8.939036,-1.6167446
-3.3130834,6.8290634
10.830602,-0.40014893
12.504771,1.4165556
5.3337207,9.091647
-2.7457888,6.249148
9.887879,5.311079
6.5596685,9.842642
15.513644,4.6808753
15.459228,8.37138
11.28115,11.570561
-1.0722007,11.151925
14.993016,10.038548
-0.656057,9.41611
14.977531,8.929238
-0.92635405,0.24206032
13.411549,2.8123343
12.146191,2.0886183
12.7097225,5.4574385
14.444058,8.4283285
11.870321,11.389619
